"","name","Address","price","lat","lon","distance","type","brand"
"1","M","Vogelsangstr. 13 A, Gebenstorf",1.93,47.4874333,8.2432435,1,"unlead98","Avia"
"2","B","Hauptstr. 11, Tägerwilen",1.93,47.6597666,9.1226028,1,"unlead98","Avia"
"3","Garage","Aarauerstr. 60, Brugg",1.93,47.4757878,8.20090923274231,1,"unlead98","Avia"
"4","Tankstelle","Baselstr. 44, Reinach",1.93,47.49833675,7.5969511843085,1,"unlead98","Avia"
"5","Augst","Rheinstr. 34c, Augst",1.93,47.5349427,7.709954,1,"unlead98","Avia"
"6","Achilles","St. Gallerstr. 15, Eggersriet",1.93,47.4426333,9.46805355,1,"unlead98","Avia"
"8","Ehrendingen","Landstr. 33, Ehrendingen",1.93,47.4948853,8.3401247,1,"unlead98","Avia"
"9","Basel","Burgfelderstr. 199, Basel",1.93,47.5668085,7.5637916,1,"unlead98","Avia"
"10","Shop","Oberstr. 137, St. Gallen",1.93,47.41422715,9.35788399872039,1,"unlead98","Avia"
"11","Riehen","Lörracherstr. 75, Riehen",1.93,47.5919489,7.6529753,1,"unlead98","Avia"
"12","Tankstelle","Seestr. 177, Thalwil",1.93,47.30079265,8.56235125396205,1,"unlead98","Avia"
"13","Tankstelle","Hauptstr. 60, Münchenstein",1.93,47.5101527,7.6204682,1,"unlead98","Avia"
"14","Tankstelle","Suhrerstr. 57, Oberentfelden",1.93,47.359794,8.0549312,1,"unlead98","Avia"
"15","Tankstelle","Hegenheimerstr. 105, Basel",1.93,47.5616505,7.5679425,1,"unlead98","Avia"
"16","F","Uferstr. 10, Füllinsdorf",1.93,47.511197,7.724108,1,"unlead98","Avia"
"17","Jakob","Mühle 4, Näfels",1.93,47.0910227,9.05780760981613,1,"unlead98","Avia"
"18","Tankstelle","Birseckstr. 5, Arlesheim",1.93,47.498942,7.6182955,1,"unlead98","Avia"
"19","E","Anglikerstr. 2, Wohlen",1.93,47.3560787,8.27574324089741,1,"unlead98","Avia"
"20","Tankstelle","Bergstr. 21, Meilen",1.93,47.266834,8.6507816,1,"unlead98","Avia"
"21","Basel","Feldbergstr. 96, Basel",1.93,47.5667456,7.5943473,1,"unlead98","Avia"
"22","Tankstelle","Lenzburgerstr. 8, Mellingen",1.93,47.4173263,8.2724217,1,"unlead98","Avia"
"23","Reuss","Landstr., Gebenstorf",1.93,47.4805842,8.2354902,1,"unlead98","Avia"
"25","Tankstelle","Stiegelen 1, Zufikon",1.93,47.3576319,8.3543611,1,"unlead98","Avia"
"26","Tankstelle","Edlibachstr. 40, Neuheim",1.93,47.1993489,8.5738715,1,"unlead98","Avia"
"27","Tankstelle","Poststr. 4, Burgdorf",1.93,47.06035325,7.62517941145529,1,"unlead98","Avia"
"28","Tankstelle","Klingentalstr. 12, Basel",1.93,47.563202,7.5929962,1,"unlead98","Avia"
"29","Pratteln","Netzibodenstr. 21, Pratteln",1.93,47.5309116,7.7002897,1,"unlead98","Avia"
"30","Zwingen","Baselstr. 31, Zwingen",1.93,47.4397714,7.5410373,1,"unlead98","Avia"
"31","Hirn","Gaiserstr. 151, Appenzell",1.93,47.3448122,9.4299095,1,"unlead98","Avia"
"32","Tankstelle","Dornacherstr. 109, Basel",1.93,47.543466,7.589293,1,"unlead98","Avia"
"33","Auto","Hauptstr. 131, Tägerwilen",1.93,47.6598776,9.1193173,1,"unlead98","Avia"
"34","Stabio","Via Gaggiolo 41, Stabio",1.93,45.841677,8.915371,1,"unlead98","Avia"
"35","Rheinfelden","Zürcherstr. 34, Rheinfelden",1.93,47.54235775,7.95040131827523,1,"unlead98","Avia"
"37","Tankstelle","Flughafenstr. 8, Kloten",1.93,47.4490443,8.563986,1,"unlead98","Avia"
"38","Tankstelle","Rue des Moulières 5, Satigny",1.93,46.2171639,6.0610393,1,"unlead98","Avia"
"39","Reinach","Duggingerstr. 24, Reinach",1.93,47.48543465,7.59553802876251,1,"unlead98","Avia"
"40","Muttenz","Marschalkenstr. 10, Muttenz",1.93,47.5302976,7.6500831,1,"unlead98","Avia"
"41","Tankstelle","St. Georgenstr. 44, St. Gallen",1.93,47.4192785,9.3799071,1,"unlead98","Avia"
"42","Gebr","Zugerstr. 12, Bremgarten",1.93,47.3479134,8.34739344999999,1,"unlead98","Avia"
"43","Pratteln","Hohenrainstr. 7, Pratteln",1.93,47.5259127,7.6916095,1,"unlead98","Avia"
"44","Tankstelle","Holeestr. 55, Basel",1.93,47.544814,7.5719998,1,"unlead98","Avia"
"45","Stein","Zürcherstr. 18, Stein",1.93,47.5426454,7.94865057851537,1,"unlead98","Avia"
"46","Tankstelle","Langgasse 51, St. Gallen",1.93,47.4377167,9.3885251,1,"unlead98","Avia"
"47","Auto","Sonnenwiesenstr.  17, Kreuzlingen",1.93,47.6443316,9.19436199474599,1,"unlead98","Avia"
"48","Tankstelle","Ziefenstr. 5, Reigoldswil",1.93,47.4115339,7.6934683,1,"unlead98","Avia"
"49","Shop","Alte Winterthurerstr. 11, Bülach",1.93,47.519628,8.5424495,1,"unlead98","Avia"
"50","Tankstelle","Gewerbestr. 7, Sissach",1.93,47.4673396,7.8030047,1,"unlead98","Avia"
"51","Tankstelle","Delsbergstr., Liesberg",1.93,47.3948833,7.4326633,1,"unlead98","Avia"
"52","DC","Deucherstr. 39, Weinfelden",1.93,47.5614438,9.1160597,1,"unlead98","Avia"
"53","Tankstelle","Badener-Landstr. 23, Rafz",1.93,47.6096356,8.5339367,1,"unlead98","Avia"
"54","Tankstelle","Hauptstr. 37, Sisseln",1.93,47.5530907,7.9919151,1,"unlead98","Avia"
"55","Tankstelle","Landstr. 121, Wettingen",1.93,47.4643175,8.3301802,1,"unlead98","Avia"
"56","Shop","Romanshornerstr. 115, Egnach",1.93,47.5447979,9.37469081163747,1,"unlead98","Avia"
"57","Bild","Zürcherstr. 431, St. Gallen",1.93,47.40703525,9.3096791995945,1,"unlead98","Avia"
"58","Tankstelle","Rheinfelderstr. 2, Birsfelden",1.93,47.5511782,7.6243274,1,"unlead98","Avia"
"59","Tankstelle","Bahnhofplatz 18, Einsiedeln",1.93,47.12823,8.74531723135977,1,"unlead98","Avia"
"60","Alfred","Hauptstr. 75b, Au",1.93,47.4311469,9.6345378,1,"unlead98","Avia"
"61","Tankstelle","Jonenstr. 32, Ottenbach",1.93,47.28681805,8.40126091464857,1,"unlead98","Avia"
"62","Tankstelle","Spitalweg 4, Lachen",1.93,47.1903632,8.8613275,1,"unlead98","Avia"
"63","Tankstelle","Hauptstrasse  68, Reinach",1.93,47.4899521,7.58951199214779,1,"unlead98","Avia"
"64","Seeblick","Landstr. 25, Altnau",1.93,47.6195042,9.2646975,1,"unlead98","Avia"
"65","Avia","Giornicostr. 1, Basel",1.93,47.5301995,7.6053558,1,"unlead98","Avia"
"66","Tankstelle","Hauptstr. 6, Ettingen",1.93,47.483169,7.5462002,1,"unlead98","Avia"
"67","Theiler","Bergstr. 24, Goldau",1.93,47.05312385,8.55036850417006,1,"unlead98","Avia"
"68","Tankstelle","Freiburgerstr. 65, Basel",1.93,47.5797252,7.6035610990575,1,"unlead98","Avia"
"69","Boots","Seestr. 36, Altendorf",1.93,47.19476185,8.82143315,1,"unlead98","Avia"
"70","Tankstelle","Zürcherstr. 2, Wangen",1.93,47.19141665,8.89537494447234,1,"unlead98","Avia"
"71","Hanselmann","Erlenstr. 2, Sennwald",1.93,47.2590984,9.501797,1,"unlead98","Avia"
"72","Zwingen","Baselstr. 16, Zwingen",1.93,47.4397714,7.5410373,1,"unlead98","Avia"
"73","Tankstelle","Schützengraben 23, Basel",1.93,47.5559707,7.581676,1,"unlead98","Avia"
"74","Boots","Seestr. 59-61, Bäch",1.93,47.3643531,8.5314106,1,"unlead98","Avia"
"75","Tankstelle","Alte Landstr. 48, Thalwil",1.93,47.2858716,8.57140310529737,1,"unlead98","Avia"
"77","Tankstelle","Route d Yverdon 9, Echallens",1.93,46.6440098,6.6363679,1,"unlead98","Avia"
"78","Tankstelle","Hauptstr. 1, Mitlödi",1.93,47.0082492,9.07834259541155,1,"unlead98","Avia"
"79","Hanspeter","Furtstr. 88, Brunnadern",1.93,47.3290073,9.1371129,1,"unlead98","Avia"
"80","Station","Bergsboden, Unterterzen",1.93,47.1148387,9.2651068,1,"unlead98","Avia"
"81","See","Rosengartenstr. 8, Unterterzen",1.93,47.1134812,9.25111942143314,1,"unlead98","Avia"
"82","Alpiger","Hauptstr. 8, Unterwasser",1.93,47.1977367,9.3130605,1,"unlead98","Avia"
"85","Shop","Ikarusstr. 2, St. Gallen",1.93,47.4040196,9.3045235,1,"unlead98","Avia"
"86","Lang","Seestr. 13, Kreuzlingen",1.93,47.65350955,9.17893329566971,1,"unlead98","Avia"
"87","Spar","Frauenfelderstr. 44, Winterthur",1.93,47.5063173,8.7568918,1,"unlead98","Avia"
"88","Tankstelle","Farlifangstr. 12, Zumikon",1.93,47.3361875,8.62043191298043,1,"unlead98","Avia"
"89","Waldenburg","Hauptstr. 7, Waldenburg",1.93,49.19002485,9.64273995,1,"unlead98","Avia"
"90","Tankstelle","Hirschengasse 6, Endingen",1.93,47.5381661,8.28946461386501,1,"unlead98","Avia"
"91","M","Oehningerstr. 74, Stein am Rhein",1.93,47.6601811,8.8751382,1,"unlead98","Avia"
"92","Tankstelle","Mutschellenstr. 25, Bellikon",1.93,47.3868247,8.3463008,1,"unlead98","Avia"
"93","Tankstelle","Dachslerenstr. 9, Zollikon",1.93,47.3436852,8.5747439,1,"unlead98","Avia"
"94","Shop","Konstanzerstr. 86, Wil",1.93,47.4712892,9.0584347,1,"unlead98","Avia"
"95","Tankstelle","Hauptstr. 64, Herznach",1.93,47.4718532,8.0525984,1,"unlead98","Avia"
"96","Tankstelle","Hauptstr. 142, Oeschgen",1.93,47.5143094,8.0148684,1,"unlead98","Avia"
"97","Shop","Zürcherstr. 36, Eglisau",1.93,47.5704484,8.5223849,1,"unlead98","Avia"
"98","Tankstelle","Muehlemattstr. 24, Oberwil",1.93,47.5089799,7.55500898789296,1,"unlead98","Avia"
"99","Seetankstelle","Hafen Steckborn, Steckborn",1.93,47.6648278,8.9767256,1,"unlead98","Avia"
"100","Rosengarten","Konstanzerstr. 65, Tägerwilen",1.93,47.6602456,9.1418678,1,"unlead98","Avia"
"102","Basel","Kannenfeldplatz 4, Basel",1.93,47.5656743,7.5739806,1,"unlead98","Avia"
"103","Sissach","Hauptstr. 138, Sissach",1.93,47.465865,7.80266278676568,1,"unlead98","Avia"
"104","Shop","Route du Simplon  55, Sierre",1.93,46.2546838,7.4247744,1,"unlead98","Avia"
"105","Shop","Zürcherstr. 104, Neuenhof",1.93,47.4515543,8.3244941,1,"unlead98","Avia"
"106","Yvonne","Hauptstr., Wuppenau",1.93,47.4908421,9.1218074,1,"unlead98","Avia"
"107","Shop","Hofwisenstr. 48, Rümlang",1.93,47.4500947,8.53863251746575,1,"unlead98","Avia"
"108","Shop","Zürcherstr. 27, Uznach",1.93,47.2265961,8.98068110671937,1,"unlead98","Avia"
"109","Garage","Kreuzlingerstr. 139, Oberaach",1.93,47.5475504,9.278313,1,"unlead98","Avia"
"110","Franz","Landstr. 71, Glarus",1.93,47.049613,9.0597796,1,"unlead98","Avia"
"111","Garage","Wohlerstr. 23, Bremgarten",1.93,47.3504227,8.3360816,1,"unlead98","Avia"
"112","Tankstelle","Wehntalerstr. 347, Zürich",1.93,47.4133117,8.52085585178216,1,"unlead98","Avia"
"113","Tankstelle","Sommerhalde 18, Fislisbach",1.93,47.4437331,8.28210774198326,1,"unlead98","Avia"
"114","Tankstelle","Seetalstr. 1, Seon",1.93,47.3533465,8.1605069,1,"unlead98","Avia"
"116","Tankstelle","Haagerstr. 82, Gams",1.93,47.2055744,9.4571351,1,"unlead98","Avia"
"117","Spar","Linth-Escherstr. 19 a, Bilten",1.93,47.1516796,9.0285567,1,"unlead98","Avia"
"118","Dornach","Bahnhofstr. 2, Dornach",1.93,48.1473013,11.6843201,1,"unlead98","Avia"
"119","Tankstelle","Hauptstr. 151, Wildhaus",1.93,47.2012914,9.3393877,1,"unlead98","Avia"
"120","Tankstelle","Schaffhauserstr. 81, Kloten",1.93,47.4449933,8.5794457,1,"unlead98","Avia"
"121","Garage","Vorstatt 8, Nebikon",1.93,47.1926389,7.97294665947497,1,"unlead98","Avia"
"122","W","Vorstatt 7, Nebikon",1.93,47.19286235,7.97352385254986,1,"unlead98","Avia"
"123","Tankstelle","Koellikerstr. 30, Safenwil",1.93,47.3212918,7.9915589,1,"unlead98","Avia"
"124","Shop","Zürcherstr. 160/162, St. Gallen",1.93,47.2288286,8.8199801,1,"unlead98","Avia"
"125","Tankstelle","Bruelstr., Magden",1.93,47.532581,7.8068432,1,"unlead98","Avia"
"126","Tankstelle","Port-de-la-Côte 2, Auvernier",1.93,46.9751319,6.8784727,1,"unlead98","Avia"
"127","Shop","Seestr. 73, Richterswil",1.93,47.2140071,8.70039894999999,1,"unlead98","Avia"
"128","Tankstelle","Seestr. 137, Erlenbach",1.93,47.2978882,8.5981395,1,"unlead98","Avia"
"129","Garage","Zürichstr. 39, Merenschwand",1.93,47.261582,8.3873549,1,"unlead98","Avia"
"130","Tankstelle","Haldengasse 37, Zeiningen",1.93,47.5450302,7.8704374,1,"unlead98","Avia"
"131","Tankstelle","Kaltenbacherstr. 4, Stein am Rhein",1.93,47.6556711,8.85756774415109,1,"unlead98","Avia"
"132","Stazione","via Cantonale, Lodrino",1.93,46.2991294,8.9939327,1,"unlead98","Avia"
"133","Garage","Zürichstr. 44, Dübendorf",1.93,47.3966162,8.61160041386274,1,"unlead98","Avia"
"134","Tankstelle","Kelleramtstr. 9, Arni",1.93,47.3172218,8.4167564,1,"unlead98","Avia"
"135","Wyland","Hauptstr. 97, Wilchingen",1.93,47.6717226,8.46429607589384,1,"unlead98","Avia"
"136","G","Luzernerstr. 30, Dietwil",1.93,47.1419568,8.3956544,1,"unlead98","Avia"
"137","Tankstelle","Etzelstr. 41, Einsiedeln",1.93,47.14833455,8.75492396058083,1,"unlead98","Avia"
"138","Frei","Wilerstr. 48, Münchwilen",1.93,47.4738475,9.003399904375,1,"unlead98","Avia"
"139","B","Vierlinden  7, Bözberg",1.93,47.4796833,8.1589102,1,"unlead98","Avia"
"140","Tankstelle","alte Zugerstr. 4, Wädenswil",1.93,47.2341764,8.63586481528546,1,"unlead98","Avia"
"141","Tankstelle","Route Cantonale, Rougemont",1.93,46.4875449,7.2108044,1,"unlead98","Avia"
"142","Schawalder","Thalerstr. 5, Rorschacherberg",1.93,47.47180135,9.50590598182113,1,"unlead98","Avia"
"143","Weber","Hauptstr. 69, Berg",1.93,47.5826067,9.1681555,1,"unlead98","Avia"
"144","Tankstelle","Industriestr. 1, Embrach",1.93,47.5177083,8.5943594,1,"unlead98","Avia"
"145","Tankstelle","Zürichstr. 5, Maur",1.93,47.34010125,8.66839818343962,1,"unlead98","Avia"
"146","Tankstelle","Seestr. 137, Männedorf",1.93,47.2558329,8.68708065890184,1,"unlead98","Avia"
"147","Tankstelle","Grüningerstr. 152, Ottikon",1.93,47.2938921,8.77734845220867,1,"unlead98","Avia"
"148","Tankstelle","Giessereistr. 1, Wetzikon",1.93,47.3251676,8.7859423,1,"unlead98","Avia"
"149","Tankstelle","Hochbergerstr. 50, Basel",1.93,47.5769373,7.597589,1,"unlead98","Avia"
"150","Tankstelle","Kantonsstr. 2, Bubendorf",1.93,47.458835,7.7422203,1,"unlead98","Avia"
"152","Shop","Kantonsstr., Grächen",1.93,46.1986204,7.8357845,1,"unlead98","Avia"
"153","Tankstelle","Kantonsstr. 10, Freienbach",1.93,47.2055978,8.7453409,1,"unlead98","Avia"
"154","Tankstelle","Kantonsstrasse  115, Freienbach",1.93,47.20443295,8.76096582433357,1,"unlead98","Avia"
"156","Dorfgarage","Arneggerstr. 25, Waldkirch",1.93,47.4664623,9.28155864535207,1,"unlead98","Avia"
"157","Garage","Dorf 11, Niederhelfenschwil",1.93,47.47433335,9.1863576105873,1,"unlead98","Avia"
"158","Tankstelle","Seestr. 163, Herrliberg",1.93,47.2869199,8.6072414,1,"unlead98","Avia"
"159","See","Hafen, Arbon",1.93,47.5135207,9.43872728087635,1,"unlead98","Avia"
"160","Tankstelle","Route Suisse 4, Founex",1.93,46.3316579,6.2020303,1,"unlead98","Avia"
"161","Hochwald","Hauptstr. 21, Hochwald",1.93,47.45782455,7.64069375941757,1,"unlead98","Avia"
"162","Frick","Alte Landstr. 70, Oberrieden",1.93,47.2715435,8.58060766674252,1,"unlead98","Avia"
"163","Tankstelle","Burgstr. 15, St. Gallen",1.93,47.49074845,9.43356544442567,1,"unlead98","Avia"
"164","Kreuzberg","Farnen, Sax",1.93,47.2208864,9.4516249,1,"unlead98","Avia"
"165","Tankstelle","Zürichstrasse 40, Adliswil",1.93,47.3159746,8.53040444142857,1,"unlead98","Avia"
"166","Garage","Romanshornerstr. 58, Kreuzlingen",1.93,47.6406172,9.1921065,1,"unlead98","Avia"
"167","Tankstelle","Zürcherstr. 1, Niederglatt",1.93,47.52827495,8.46745178592362,1,"unlead98","Avia"
"168","Tankstelle","Walderstr. 45, Rüti",1.93,47.26043685,8.86160837683707,1,"unlead98","Avia"
"169","Boots","Seestr. 824, Meilen",1.93,47.2684657,8.638676,1,"unlead98","Avia"
"170","Tankstelle","Dorfstr. 489, Gontenschwil",1.93,47.2676699,8.1473245,1,"unlead98","Avia"
"171","Liestal","Rheinstr. 107, Liestal",1.93,47.4880693,7.7290253,1,"unlead98","Avia"
"173","Tankstelle","Gasstr. 11, Liestal",1.93,47.4865075,7.7333014,1,"unlead98","Avia"
"174","Autogrill","A1 St. Gallen - St. Margrethen, St. Margrethen",1.93,47.4530541,9.6513664,1,"unlead98","Avia"
"175","Shop","Seestr. 109, Stäfa",1.93,47.2375916,8.7277241,1,"unlead98","Avia"
"176","Zangger","Stettemerstr. 7, Lohn",1.93,47.7539197,8.66855146208445,1,"unlead98","Avia"
"177","Rieser","Zollstrasse 14, Trasadingen",1.93,47.66409265,8.43380435,1,"unlead98","Avia"
"178","Tankstelle","Lerzenstr. 7, Dietikon",1.93,47.415731,8.3991595,1,"unlead98","Avia"
"179","Shop","Diepoldsauerstr. 60, Widnau",1.93,47.3953437,9.6422287,1,"unlead98","Avia"
"181","Auto","Uznacherstr. 21, Kaltbrunn",1.93,47.21481065,9.02139975,1,"unlead98","Avia"
"182","Shop","Harbernstr. 1, Otelfingen",1.93,47.4585509,8.4068901,1,"unlead98","Avia"
"183","Tankstelle","Badenerstr. 35, Schlieren",1.93,47.39671675,8.44153066545805,1,"unlead98","Avia"
"184","Tankstelle","Route de l Etraz, Vich",1.93,46.4258449,6.2550233,1,"unlead98","Avia"
"185","Tankstelle","Rue de Livron 11, Meyrin",1.93,46.229394,6.08221109148936,1,"unlead98","Avia"
"186","Tankstelle","Frauenfelderstr. 39, Schlatt",1.93,47.6652207,8.7007766,1,"unlead98","Avia"
"187","Binder","Zürichstr. 30, Neftenbach",1.93,47.52431825,8.65811603476206,1,"unlead98","Avia"
"188","Basel","St. Alban-Anlage 72, Basel",1.93,47.5522697,7.6041204,1,"unlead98","Avia"
"189","Tankstelle","Route de Verbois 59, Russin",1.93,46.1927389,6.01716816943042,1,"unlead98","Avia"
"190","Garage","Fellenbergstr. 289a, Zürich-Albisrieden",1.93,47.3751932,8.4902165,1,"unlead98","Avia"
"191","Zunzgen","Hauptstr. 3, Zunzgen",1.93,47.4570429,7.8072611,1,"unlead98","Avia"
"192","Tankstelle","Etzelstr. 21, Hombrechtikon",1.93,47.25009525,8.7800073629389,1,"unlead98","Avia"
"194","Spar","St. Gallerstr. 106, Winterthur",1.93,47.4980225,8.746511,1,"unlead98","Avia"
"195","Tankstelle","Landstr. 8, Otelfingen",1.93,47.45906985,8.38555235183626,1,"unlead98","Avia"
"196","Shop","Zugerstr. 41, Wädenswil",1.93,47.2299301,8.6671966,1,"unlead98","Avia"
"198","Andreas","Staatsstr. 83, Grabs",1.93,47.1953045,9.4440443,1,"unlead98","Avia"
"199","Tankstelle","Route de Lausanne 1, Yverdon-Les-Bains",1.93,46.7690842,6.65259515732621,1,"unlead98","Avia"
"200","Service","St. Gallerstr. 64, Arbon",1.93,47.51011815,9.42378827316984,1,"unlead98","Avia"
"201","Tankstelle","Tramstr. 52, Uetikon am See",1.93,47.26470355,8.68037306806347,1,"unlead98","Avia"
"202","Tankstelle","Schwarzwaldstr. 70, Schleitheim",1.93,47.74767875,8.45910264690729,1,"unlead98","Avia"
"203","Avia","Route de Montheron 2, Cugy",1.93,46.5900401,6.64383229375865,1,"unlead98","Avia"
"204","Tankstelle","Industriestr. 2, Effretikon",1.93,47.4186697,8.6844858,1,"unlead98","Avia"
"205","Auto","Moosstr. 9, Rüschlikon",1.93,47.3026796,8.54642871113485,1,"unlead98","Avia"
"206","Carrozzeria","via Campagna Adorna 13, Mendrisio",1.93,45.8603877,8.9711614,1,"unlead98","Avia"
"208","Tankstelle","Badstr. 45, Niederurnen",1.93,47.12951845,9.05094093534314,1,"unlead98","Avia"
"209","PP","Arbonerstr. 19, Wittenbach",1.93,47.4624186,9.3941707,1,"unlead98","Avia"
"210","Tankstelle","Industriestrasse, Schlieren",1.93,47.401939,8.4539911,1,"unlead98","Avia"
"211","Tankstelle","Riedgrabenstr. 26, Rümlang",1.93,47.4611054,8.5201283,1,"unlead98","Avia"
"212","Shop","Bülacherstr. 8, Hochfelden",1.93,47.5224195,8.5227428,1,"unlead98","Avia"
"213","Binningen","Oberwilerstr.  29-31, Binningen",1.93,47.5307891,7.569141,1,"unlead98","Avia"
"214","Avia","Route du Lac, Vallamand",1.93,46.934847,7.0506991,1,"unlead98","Avia"
"215","Shop","Route de Morrens  2, Cugy",1.93,46.5879763,6.6414162,1,"unlead98","Avia"
"216","Tankstelle","Emil Frey-Str. 35, Münchenstein",1.93,47.5318693,7.6117466,1,"unlead98","Avia"
"217","Tankstelle","Binningerstr.  54/56, Oberwil",1.93,47.5165441,7.5584748,1,"unlead98","Avia"
"218","Tankstelle","Klotenerstr. 72, Bassersdorf",1.93,47.4449845,8.623416,1,"unlead98","Avia"
"219","Shop","Regensbergstr. 309, Zürich",1.93,47.4114322,8.5264773,1,"unlead98","Avia"
"220","Shop","Neunbrunnenstr. 40, Zürich",1.93,47.4172427,8.5405053,1,"unlead98","Avia"
"221","Tankstelle","Dorfstr. 16, Niederhasli",1.93,47.4802114,8.4847451,1,"unlead98","Avia"
"223","Tankstelle","Hauptstr. 48, Flaach",1.93,47.5739397,8.59916765,1,"unlead98","Avia"
"224","Enge","Schaffhauserstr. 249, Beringen",1.93,47.6937572,8.6062329,1,"unlead98","Avia"
"225","Spitzmeilen","Alte Landstr., Flums",1.93,47.0961963,9.3537936,1,"unlead98","Avia"
"226","Meier","Sennegasse 10, Unterstammheim",1.93,47.63823485,8.7903081447466,1,"unlead98","Avia"
"228","Tankstelle","Pumpwerkstr. 25, Regensdorf",1.93,47.4454236,8.4613803,1,"unlead98","Avia"
"229","Garage","Dorfstr. 58, Weisslingen",1.93,47.4346803,8.7637884,1,"unlead98","Avia"
"230","Station","Via San Gottardo 6, Balerna",1.889,45.8397053,9.0196885,1,"unlead95","BP"
"231","Station","Via San Gottardo 6, Balerna",2.14,45.8397053,9.0196885,1,"diesel","BP"
"234","Balerna","Centro Breggia, Balerna",1.889,45.84665425,9.01206164211851,1,"unlead95","BP"
"235","Balerna","Centro Breggia, Balerna",2.14,45.84665425,9.01206164211851,1,"diesel","BP"
"238","Station","Le Creux, Vallorbe",1.889,46.7301753,6.3885955,1,"unlead95","BP"
"239","Station","Le Creux, Vallorbe",2.14,46.7301753,6.3885955,1,"diesel","BP"
"240","Frenkendorf","Rheinstrasse 119, Frenkendorf",1.889,47.5124238,7.7193981,1,"unlead95","BP"
"241","Frenkendorf","Rheinstrasse 119, Frenkendorf",2.14,47.5124238,7.7193981,1,"diesel","BP"
"242","Station","N 1, Kappel",1.889,51.1609142,10.5880854,1,"unlead95","BP"
"243","Station","N 1, Kappel",2.14,51.1609142,10.5880854,1,"diesel","BP"
"244","Z","Soodstr. 42, Zürich",1.889,47.328706,8.51752590019361,1,"unlead95","BP"
"245","Z","Soodstr. 42, Zürich",2.14,47.328706,8.51752590019361,1,"diesel","BP"
"246","Jona","St. Dionys 9, Jona",1.889,47.2273654,8.8612531,1,"unlead95","BP"
"247","Jona","St. Dionys 9, Jona",2.14,47.2273654,8.8612531,1,"diesel","BP"
"248","B","Zuerichstr. 46, Bülach",1.889,47.5127502,8.5431018,1,"unlead95","BP"
"249","B","Zuerichstr. 46, Bülach",2.14,47.5127502,8.5431018,1,"diesel","BP"
"250","Pully","Avenue du Lavaux 38, Pully",1.889,46.5115133,6.6584464,1,"unlead95","BP"
"251","Pully","Avenue du Lavaux 38, Pully",2.14,46.5115133,6.6584464,1,"diesel","BP"
"252","Aarau","Neumattstr. 9, Aarau",1.889,47.39938035,8.06564078791733,1,"unlead95","BP"
"253","Aarau","Neumattstr. 9, Aarau",2.14,47.39938035,8.06564078791733,1,"diesel","BP"
"254","Station","Route Cantonale, Ollon",1.889,46.2850994,7.4681294,1,"unlead95","BP"
"255","Station","Route Cantonale, Ollon",2.14,46.2850994,7.4681294,1,"diesel","BP"
"256","Bussigny","Route de Crissier 6, Bussigny",1.889,46.5496606,6.56446082992553,1,"unlead95","BP"
"257","Bussigny","Route de Crissier 6, Bussigny",2.14,46.5496606,6.56446082992553,1,"diesel","BP"
"258","Novazzano","Via Casate 12, Novazzano",1.889,45.8428615,8.9742455,1,"unlead95","BP"
"259","Novazzano","Via Casate 12, Novazzano",2.14,45.8428615,8.9742455,1,"diesel","BP"
"260","Station","N 3, Niederurnen",1.889,47.1256182,9.0535784,1,"unlead95","BP"
"261","Station","N 3, Niederurnen",2.14,47.1256182,9.0535784,1,"diesel","BP"
"262","Bussigny","Route de Renens 6, Bussigny",1.889,46.5485614,6.5628044,1,"unlead95","BP"
"263","Bussigny","Route de Renens 6, Bussigny",2.14,46.5485614,6.5628044,1,"diesel","BP"
"264","Regensdorf","Roosstr., Regensdorf",1.889,47.4318163,8.4708787,1,"unlead95","BP"
"265","Regensdorf","Roosstr., Regensdorf",2.14,47.4318163,8.4708787,1,"diesel","BP"
"266","Wohlen","Zentralstr. 54, Wohlen",1.889,47.3506384,8.2723513,1,"unlead95","BP"
"267","Wohlen","Zentralstr. 54, Wohlen",2.14,47.3506384,8.2723513,1,"diesel","BP"
"268","Yverdon","Rue des Champs-Lovats 1, Yverdon-les-Bains",1.889,46.7659487,6.650494,1,"unlead95","BP"
"269","Yverdon","Rue des Champs-Lovats 1, Yverdon-les-Bains",2.14,46.7659487,6.650494,1,"diesel","BP"
"270","Ch","Route de Vernier 137, Vernier",1.889,46.2131401,6.10313985122834,1,"unlead95","BP"
"271","Ch","Route de Vernier 137, Vernier",2.14,46.2131401,6.10313985122834,1,"diesel","BP"
"272","Corsier","Route de Chatel St. Denis 18, Corseaux",1.889,46.4710904,6.8404792,1,"unlead95","BP"
"273","Corsier","Route de Chatel St. Denis 18, Corseaux",2.14,46.4710904,6.8404792,1,"diesel","BP"
"274","Le","Route de Ferney 187, Le Grand-Saconnex",1.889,46.2359646,6.12355200843838,1,"unlead95","BP"
"275","Le","Route de Ferney 187, Le Grand-Saconnex",2.14,46.2359646,6.12355200843838,1,"diesel","BP"
"276","T",", Täsch",1.889,46.0676751,7.7770173,1,"unlead95","BP"
"277","T",", Täsch",2.14,46.0676751,7.7770173,1,"diesel","BP"
"278","Ch","Route de Jussy 4, Chene-Bourg",1.889,46.195354,6.19976048389434,1,"unlead95","BP"
"279","Ch","Route de Jussy 4, Chene-Bourg",2.14,46.195354,6.19976048389434,1,"diesel","BP"
"280","Melide","Via Cantonale 15, Melide",1.889,45.9544054,8.9497167,1,"unlead95","BP"
"281","Melide","Via Cantonale 15, Melide",2.14,45.9544054,8.9497167,1,"diesel","BP"
"282","Arbon","Landquartstr. 91, Arbon",1.889,47.5026948,9.4257621,1,"unlead95","BP"
"283","Arbon","Landquartstr. 91, Arbon",2.14,47.5026948,9.4257621,1,"diesel","BP"
"286","Th","Rte Blanche 9, Thonex",1.889,46.1896141,6.19785440913372,1,"unlead95","BP"
"287","Th","Rte Blanche 9, Thonex",2.14,46.1896141,6.19785440913372,1,"diesel","BP"
"288","Z","Seebahnstr. 110, Zurich",1.889,47.3729981,8.5209343,1,"unlead95","BP"
"289","Z","Seebahnstr. 110, Zurich",2.14,47.3729981,8.5209343,1,"diesel","BP"
"290","Unterterzen","A 3, Unterterzen",1.889,47.1139539,9.2522904,1,"unlead95","BP"
"291","Unterterzen","A 3, Unterterzen",2.14,47.1139539,9.2522904,1,"diesel","BP"
"292","St","Zürcherstr. 475, St. Gallen",1.889,47.2288286,8.8199801,1,"unlead95","BP"
"293","St","Zürcherstr. 475, St. Gallen",2.14,47.2288286,8.8199801,1,"diesel","BP"
"294","Feuerthalen","Diessenhofer Str. 28, Feuerthalen",1.889,47.6912548,8.6471433,1,"unlead95","BP"
"295","Feuerthalen","Diessenhofer Str. 28, Feuerthalen",2.14,47.6912548,8.6471433,1,"diesel","BP"
"296","St","Rorschacher Str. 271, St. Gallen",1.889,47.4402498,9.4100225,1,"unlead95","BP"
"297","St","Rorschacher Str. 271, St. Gallen",2.14,47.4402498,9.4100225,1,"diesel","BP"
"298","Basel","Leimgrubenweg 25, Basel",1.889,47.536654,7.6066804,1,"unlead95","BP"
"299","Basel","Leimgrubenweg 25, Basel",2.14,47.536654,7.6066804,1,"diesel","BP"
"300","Wettingen","Landstr. 148 - 152, Wettingen",1.889,47.4636272,8.3310075,1,"unlead95","BP"
"301","Wettingen","Landstr. 148 - 152, Wettingen",2.14,47.4636272,8.3310075,1,"diesel","BP"
"302","Station","Route de Cossonay, Crissier",1.889,46.5564579,6.5724796,1,"unlead95","BP"
"303","Station","Route de Cossonay, Crissier",2.14,46.5564579,6.5724796,1,"diesel","BP"
"304","Station","N 1, Kemptthal",1.889,47.4493084,8.7011964,1,"unlead95","BP"
"305","Station","N 1, Kemptthal",2.14,47.4493084,8.7011964,1,"diesel","BP"
"310","Z","Mythenquai 320, Zurich",1.889,47.3483916,8.5341088,1,"unlead95","BP"
"311","Z","Mythenquai 320, Zurich",2.14,47.3483916,8.5341088,1,"diesel","BP"
"312","Station","Goetzisbodenweg 22, Pratteln",1.889,47.5272607,7.7006317,1,"unlead95","BP"
"313","Station","Goetzisbodenweg 22, Pratteln",2.14,47.5272607,7.7006317,1,"diesel","BP"
"314","Station","Goetzisbodenweg 22, Pratteln",1.889,47.5272607,7.7006317,1,"unlead95","BP"
"315","Station","Goetzisbodenweg 22, Pratteln",2.14,47.5272607,7.7006317,1,"diesel","BP"
"316","Station","N 1, Wil",1.889,46.9765116,8.7621344,1,"unlead95","BP"
"317","Station","N 1, Wil",2.14,46.9765116,8.7621344,1,"diesel","BP"
"318","Petit","Route de Chancy 17, Petit-Lancy",1.889,46.1900443,6.1206319,1,"unlead95","BP"
"319","Petit","Route de Chancy 17, Petit-Lancy",2.14,46.1900443,6.1206319,1,"diesel","BP"
"320","Station","N 1, Wil",1.889,46.9765116,8.7621344,1,"unlead95","BP"
"321","Station","N 1, Wil",2.14,46.9765116,8.7621344,1,"diesel","BP"
"322","Station","Route de Chancy 102, Onex",1.889,46.18502915,6.10269609746031,1,"unlead95","BP"
"323","Station","Route de Chancy 102, Onex",2.14,46.18502915,6.10269609746031,1,"diesel","BP"
"324","Cadenazzo","Via Cantonale, Cadenazzo",1.889,46.152223,8.9391782,1,"unlead95","BP"
"325","Cadenazzo","Via Cantonale, Cadenazzo",2.14,46.152223,8.9391782,1,"diesel","BP"
"326","Station","N 1, Kemptthal",1.889,47.4493084,8.7011964,1,"unlead95","BP"
"327","Station","N 1, Kemptthal",2.14,47.4493084,8.7011964,1,"diesel","BP"
"328","Lausanne","Avenue du Grey, Lausanne",1.889,46.5366466,6.6188912,1,"unlead95","BP"
"329","Lausanne","Avenue du Grey, Lausanne",2.14,46.5366466,6.6188912,1,"diesel","BP"
"330","Genestrerio","Via Adorna, Genestrerio",1.889,45.8575428,8.9684391,1,"unlead95","BP"
"331","Genestrerio","Via Adorna, Genestrerio",2.14,45.8575428,8.9684391,1,"diesel","BP"
"332","Station","Dufourstr. 17, Weinfelden",1.823,47.5657811,9.0965337,1,"unlead95","Eni"
"333","Station","Dufourstr. 17, Weinfelden",1.487,47.5657811,9.0965337,1,"cng","Eni"
"334","Verbier","Route de Verbier station 33, Verbier",1.823,46.0969893,7.2237625,1,"unlead95","Eni"
"335","Verbier","Route de Verbier station 33, Verbier",1.487,46.0969893,7.2237625,1,"cng","Eni"
"336","Station","Route de Lausanne 3, Penthalaz",1.823,46.6039733,6.5295915,1,"unlead95","Eni"
"337","Station","Route de Lausanne 3, Penthalaz",1.487,46.6039733,6.5295915,1,"cng","Eni"
"338","Station","Via Corogna, Arbedo-Castione",1.823,46.2245175,9.043219,1,"unlead95","Eni"
"339","Station","Via Corogna, Arbedo-Castione",1.487,46.2245175,9.043219,1,"cng","Eni"
"340","Station","Avenue de Rhodanie 68, Lausanne",1.823,46.5072826,6.6256816,1,"unlead95","Eni"
"341","Station","Avenue de Rhodanie 68, Lausanne",1.487,46.5072826,6.6256816,1,"cng","Eni"
"342","La","Le Reymond 15, La Chaux-de-Fonds",1.823,47.0844949,6.8426901,1,"unlead95","Eni"
"343","La","Le Reymond 15, La Chaux-de-Fonds",1.487,47.0844949,6.8426901,1,"cng","Eni"
"344","Station","Route du Grand-Saint-Bernard 5, Sembrancher",1.823,46.0791812,7.1518057,1,"unlead95","Eni"
"345","Station","Route du Grand-Saint-Bernard 5, Sembrancher",1.487,46.0791812,7.1518057,1,"cng","Eni"
"346","Duggingen","Liebmattstr. 2, Duggingen",1.823,47.4559946,7.6037836,1,"unlead95","Eni"
"347","Duggingen","Liebmattstr. 2, Duggingen",1.487,47.4559946,7.6037836,1,"cng","Eni"
"348","Stabio","Via Gaggiolo 35, Stabio",1.823,45.841677,8.915371,1,"unlead95","Eni"
"349","Stabio","Via Gaggiolo 35, Stabio",1.487,45.841677,8.915371,1,"cng","Eni"
"350","Saint","Route du Simplon 39, Saint-Maurice",1.823,46.2097721,7.006481,1,"unlead95","Eni"
"351","Saint","Route du Simplon 39, Saint-Maurice",1.487,46.2097721,7.006481,1,"cng","Eni"
"352","Station","A 2, Coldrerio",1.823,45.8538378,8.9871005,1,"unlead95","Eni"
"353","Station","A 2, Coldrerio",1.487,45.8538378,8.9871005,1,"cng","Eni"
"354","Bussigny","Route de Renens 12, Bussigny",1.823,46.5485614,6.5628044,1,"unlead95","Eni"
"355","Bussigny","Route de Renens 12, Bussigny",1.487,46.5485614,6.5628044,1,"cng","Eni"
"356","Cadenazzo","Via Monte Ceneri 1, Cadenazzo",1.823,46.1518067,8.94716487427622,1,"unlead95","Eni"
"357","Cadenazzo","Via Monte Ceneri 1, Cadenazzo",1.487,46.1518067,8.94716487427622,1,"cng","Eni"
"358","Yverdon","Avenue des Bains 26, Yverdon-les-Bains",1.823,46.7708567,6.6504951097493,1,"unlead95","Eni"
"359","Yverdon","Avenue des Bains 26, Yverdon-les-Bains",1.487,46.7708567,6.6504951097493,1,"cng","Eni"
"360","Station","Route des Plaines-du-Loup 48, Lausanne",1.823,46.5398041,6.62140103495882,1,"unlead95","Eni"
"361","Station","Route des Plaines-du-Loup 48, Lausanne",1.487,46.5398041,6.62140103495882,1,"cng","Eni"
"362","Station","Soodstr. 91, Adliswil",1.823,47.3238111,8.5188323,1,"unlead95","Eni"
"363","Station","Soodstr. 91, Adliswil",1.487,47.3238111,8.5188323,1,"cng","Eni"
"364","Noville","Route d'Evian 43, Noville",1.823,46.38761045,6.920418228996,1,"unlead95","Eni"
"365","Noville","Route d'Evian 43, Noville",1.487,46.38761045,6.920418228996,1,"cng","Eni"
"366","Station","Route de Berne 301, Lausanne",1.823,46.5417126,6.6579563,1,"unlead95","Eni"
"367","Station","Route de Berne 301, Lausanne",1.487,46.5417126,6.6579563,1,"cng","Eni"
"368","Z","Dörflistr. 90, Zürich",1.823,47.4072519,8.5507004,1,"unlead95","Eni"
"369","Z","Dörflistr. 90, Zürich",1.487,47.4072519,8.5507004,1,"cng","Eni"
"370","Station","N 1, St. Margrethen",1.823,46.8472372,9.5288876,1,"unlead95","Eni"
"371","Station","N 1, St. Margrethen",1.487,46.8472372,9.5288876,1,"cng","Eni"
"372","Diepoldsau","Tramstr., Diepoldsau",1.823,47.3905712,9.6458838,1,"unlead95","Eni"
"373","Diepoldsau","Tramstr., Diepoldsau",1.487,47.3905712,9.6458838,1,"cng","Eni"
"376","Niedernzwil","Bahnhofstr. 170 - 175, Niederuzwil",1.823,47.445457,9.1425928,1,"unlead95","Eni"
"377","Niedernzwil","Bahnhofstr. 170 - 175, Niederuzwil",1.487,47.445457,9.1425928,1,"cng","Eni"
"378","Corseaux","Route de Lavaux 8, Vevey",1.823,46.4677119,6.8349635,1,"unlead95","Eni"
"379","Corseaux","Route de Lavaux 8, Vevey",1.487,46.4677119,6.8349635,1,"cng","Eni"
"380","Schindellegi","Einsiedlerstr. 12, Schindellegi",1.823,47.17071475,8.7141848417467,1,"unlead95","Eni"
"381","Schindellegi","Einsiedlerstr. 12, Schindellegi",1.487,47.17071475,8.7141848417467,1,"cng","Eni"
"382","La","Rue des Cretets 92, La Chaux-de-Fonds",1.823,47.09385465,6.82120341399199,1,"unlead95","Eni"
"383","La","Rue des Cretets 92, La Chaux-de-Fonds",1.487,47.09385465,6.82120341399199,1,"cng","Eni"
"384","Wetzikon","Zuercher Str. 22, Wetzikon",1.823,47.3220055,8.7887217,1,"unlead95","Eni"
"385","Wetzikon","Zuercher Str. 22, Wetzikon",1.487,47.3220055,8.7887217,1,"cng","Eni"
"386","Collina","Via S.Abbondio 44, Gentilino",1.79,45.9909324,8.9318827,1,"unlead95","Righetti"
"387","Collina","Via S.Abbondio 44, Gentilino",1.89,45.9909324,8.9318827,1,"unlead98","Righetti"
"388","Collina","Via S.Abbondio 44, Gentilino",2,45.9909324,8.9318827,1,"diesel","Righetti"
"389","Sede","Via San Mamete 86, Mezzovico",1.79,46.0918994,8.9213319,1,"unlead95","Righetti"
"390","Sede","Via San Mamete 86, Mezzovico",1.89,46.0918994,8.9213319,1,"unlead98","Righetti"
"391","Sede","Via San Mamete 86, Mezzovico",2,46.0918994,8.9213319,1,"diesel","Righetti"
"392","Station","Industriestraße 1, Birmensdorf",1.439,47.36540965,8.42971090396334,1,"unlead95","Shell"
"393","Station","Industriestraße 1, Birmensdorf",1.559,47.36540965,8.42971090396334,1,"diesel","Shell"
"394","Station","Industriestraße 1, Birmensdorf",1.55,47.36540965,8.42971090396334,1,"cng","Shell"
"395","Station","Flughafenstrasse 100, Basel",1.439,47.5714407,7.5690583,1,"unlead95","Shell"
"396","Station","Flughafenstrasse 100, Basel",1.559,47.5714407,7.5690583,1,"diesel","Shell"
"397","Station","Flughafenstrasse 100, Basel",1.55,47.5714407,7.5690583,1,"cng","Shell"
"398","Station","A 3, Niederurnen",1.439,47.1256182,9.0535784,1,"unlead95","Shell"
"399","Station","A 3, Niederurnen",1.559,47.1256182,9.0535784,1,"diesel","Shell"
"400","Station","A 3, Niederurnen",1.55,47.1256182,9.0535784,1,"cng","Shell"
"401","Station","Rte de Chancy 142, Onex",1.439,46.18242635,6.09762783834506,1,"unlead95","Shell"
"402","Station","Rte de Chancy 142, Onex",1.559,46.18242635,6.09762783834506,1,"diesel","Shell"
"403","Station","Rte de Chancy 142, Onex",1.55,46.18242635,6.09762783834506,1,"cng","Shell"
"404","Station","Rte de Divonne, Chavannes-de-Bogis",1.439,46.3400727,6.1641359,1,"unlead95","Shell"
"405","Station","Rte de Divonne, Chavannes-de-Bogis",1.559,46.3400727,6.1641359,1,"diesel","Shell"
"406","Station","Rte de Divonne, Chavannes-de-Bogis",1.55,46.3400727,6.1641359,1,"cng","Shell"
"407","Station","A 1, Würenlos",1.439,47.4421058,8.3618108,1,"unlead95","Shell"
"408","Station","A 1, Würenlos",1.559,47.4421058,8.3618108,1,"diesel","Shell"
"409","Station","A 1, Würenlos",1.55,47.4421058,8.3618108,1,"cng","Shell"
"410","Station","A 1, Würenlos",1.439,47.4421058,8.3618108,1,"unlead95","Shell"
"411","Station","A 1, Würenlos",1.559,47.4421058,8.3618108,1,"diesel","Shell"
"412","Station","A 1, Würenlos",1.55,47.4421058,8.3618108,1,"cng","Shell"
"413","Station","Zollstrasse 79, Thayngen",1.439,47.7409098,8.7158999,1,"unlead95","Shell"
"414","Station","Zollstrasse 79, Thayngen",1.559,47.7409098,8.7158999,1,"diesel","Shell"
"415","Station","Zollstrasse 79, Thayngen",1.55,47.7409098,8.7158999,1,"cng","Shell"
"416","Station","A 1, Bavois",1.439,46.6853078,6.5651634,1,"unlead95","Shell"
"417","Station","A 1, Bavois",1.559,46.6853078,6.5651634,1,"diesel","Shell"
"418","Station","A 1, Bavois",1.55,46.6853078,6.5651634,1,"cng","Shell"
"419","Station","Bergstraße 117, Zürich",1.439,47.26823845,8.65701630987825,1,"unlead95","Shell"
"420","Station","Bergstraße 117, Zürich",1.559,47.26823845,8.65701630987825,1,"diesel","Shell"
"421","Station","Bergstraße 117, Zürich",1.55,47.26823845,8.65701630987825,1,"cng","Shell"
"422","Station","Wohlerstrasse 18, Bremgarten",1.439,47.3709581,8.3027713,1,"unlead95","Shell"
"423","Station","Wohlerstrasse 18, Bremgarten",1.559,47.3709581,8.3027713,1,"diesel","Shell"
"424","Station","Wohlerstrasse 18, Bremgarten",1.55,47.3709581,8.3027713,1,"cng","Shell"
"425","Station","Av. Mategnin 45, Meyrin",1.439,46.2304848,6.0849653,1,"unlead95","Shell"
"426","Station","Av. Mategnin 45, Meyrin",1.559,46.2304848,6.0849653,1,"diesel","Shell"
"427","Station","Av. Mategnin 45, Meyrin",1.55,46.2304848,6.0849653,1,"cng","Shell"
"428","Station","Rheinstraße 29, Pratteln",1.439,47.5347387,7.7116098,1,"unlead95","Shell"
"429","Station","Rheinstraße 29, Pratteln",1.559,47.5347387,7.7116098,1,"diesel","Shell"
"430","Station","Rheinstraße 29, Pratteln",1.55,47.5347387,7.7116098,1,"cng","Shell"
"431","Station","Route d'Ambilly 3, Thonex",1.439,46.1986364,6.21288224807263,1,"unlead95","Shell"
"432","Station","Route d'Ambilly 3, Thonex",1.559,46.1986364,6.21288224807263,1,"diesel","Shell"
"433","Station","Route d'Ambilly 3, Thonex",1.55,46.1986364,6.21288224807263,1,"cng","Shell"
"434","Station","A 1, Bavois",1.439,46.6853078,6.5651634,1,"unlead95","Shell"
"435","Station","A 1, Bavois",1.559,46.6853078,6.5651634,1,"diesel","Shell"
"436","Station","A 1, Bavois",1.55,46.6853078,6.5651634,1,"cng","Shell"
"437","Station","Riedmattstraße 8, Rümlang",1.439,47.46192305,8.5238181997317,1,"unlead95","Shell"
"438","Station","Riedmattstraße 8, Rümlang",1.559,47.46192305,8.5238181997317,1,"diesel","Shell"
"439","Station","Riedmattstraße 8, Rümlang",1.55,47.46192305,8.5238181997317,1,"cng","Shell"
"440","Station","Rte de Meyrin 248, Meyrin",1.439,46.2274515,6.0784036,1,"unlead95","Shell"
"441","Station","Rte de Meyrin 248, Meyrin",1.559,46.2274515,6.0784036,1,"diesel","Shell"
"442","Station","Rte de Meyrin 248, Meyrin",1.55,46.2274515,6.0784036,1,"cng","Shell"
"443","Balerna","Via San Gottardo 12, Balerna",2.106,45.8405289,9.0185652,1,"diesel","Tamoil"
"444","Balerna","Via San Gottardo 12, Balerna",1.849,45.8405289,9.0185652,1,"unlead95","Tamoil"
"445","Station","Les Valettes, Bovernier",2.106,46.0757442,7.0751259,1,"diesel","Tamoil"
"446","Station","Les Valettes, Bovernier",1.849,46.0757442,7.0751259,1,"unlead95","Tamoil"
"449","Station","Rte de Divonne 1, Chavannes-de-Bogis",2.106,46.3400727,6.1641359,1,"diesel","Tamoil"
"450","Station","Rte de Divonne 1, Chavannes-de-Bogis",1.849,46.3400727,6.1641359,1,"unlead95","Tamoil"
"451","Station","Überlandstrasse 224, Dübendorf",2.106,47.39545625,8.64034313985921,1,"diesel","Tamoil"
"452","Station","Überlandstrasse 224, Dübendorf",1.849,47.39545625,8.64034313985921,1,"unlead95","Tamoil"
"453","Station","Rte de la Gemmi 40, Salgesch",2.106,46.3011678,7.5609488,1,"diesel","Tamoil"
"454","Station","Rte de la Gemmi 40, Salgesch",1.849,46.3011678,7.5609488,1,"unlead95","Tamoil"
"457","Station","rue des Rangiers 22, Saignelégier",2.106,47.258753,7.0004019,1,"diesel","Tamoil"
"458","Station","rue des Rangiers 22, Saignelégier",1.849,47.258753,7.0004019,1,"unlead95","Tamoil"
"459","Station","Industriestrasse 1, Lostorf",2.106,47.3720745,7.9474147703293,1,"diesel","Tamoil"
"460","Station","Industriestrasse 1, Lostorf",1.849,47.3720745,7.9474147703293,1,"unlead95","Tamoil"
"461","Station","Rte de Meyrin 291, Meyrin",2.106,46.2349058,6.0502112,1,"diesel","Tamoil"
"462","Station","Rte de Meyrin 291, Meyrin",1.849,46.2349058,6.0502112,1,"unlead95","Tamoil"
"465","Station","Wülflingerstrasse 405, Winterthur",2.106,47.516341,8.6782876,1,"diesel","Tamoil"
"466","Station","Wülflingerstrasse 405, Winterthur",1.849,47.516341,8.6782876,1,"unlead95","Tamoil"
"467","Station","Route des Jeunes 8, Carouge",2.106,46.1799092,6.1283843,1,"diesel","Tamoil"
"468","Station","Route des Jeunes 8, Carouge",1.849,46.1799092,6.1283843,1,"unlead95","Tamoil"
"469","Station","Aaretalstr. 13, Döttingen",2.106,47.5541947,8.2478859,1,"diesel","Tamoil"
"470","Station","Aaretalstr. 13, Döttingen",1.849,47.5541947,8.2478859,1,"unlead95","Tamoil"
"471","Station","Rte de la Raisse 19, Glovelier",2.106,47.333647,7.2088268,1,"diesel","Tamoil"
"472","Station","Rte de la Raisse 19, Glovelier",1.849,47.333647,7.2088268,1,"unlead95","Tamoil"
"473","Station","Rue du Centre Sportif 54, Verbier",2.106,46.0977453,7.2188213,1,"diesel","Tamoil"
"474","Station","Rue du Centre Sportif 54, Verbier",1.849,46.0977453,7.2188213,1,"unlead95","Tamoil"
"475","Station","Geiselweidstrasse 37, Winterthur",2.106,47.4993933,8.7441471,1,"diesel","Tamoil"
"476","Station","Geiselweidstrasse 37, Winterthur",1.849,47.4993933,8.7441471,1,"unlead95","Tamoil"
"477","Station","Ch. des Sauges 1, Lausanne",2.106,46.5408633,6.6208042,1,"diesel","Tamoil"
"478","Station","Ch. des Sauges 1, Lausanne",1.849,46.5408633,6.6208042,1,"unlead95","Tamoil"
"479","Station","Schaffhauserstr. 44, Stein",2.106,47.5473832,7.95327121438363,1,"diesel","Tamoil"
"480","Station","Schaffhauserstr. 44, Stein",1.849,47.5473832,7.95327121438363,1,"unlead95","Tamoil"
"481","Station","Avenue de Morges 1, Lonay",2.106,46.52305185,6.51816818072411,1,"diesel","Tamoil"
"482","Station","Avenue de Morges 1, Lonay",1.849,46.52305185,6.51816818072411,1,"unlead95","Tamoil"
"483","Station","rte d'Ambilly 58, ThôneX",2.106,46.19875315,6.22035884988229,1,"diesel","Tamoil"
"484","Station","rte d'Ambilly 58, ThôneX",1.849,46.19875315,6.22035884988229,1,"unlead95","Tamoil"
"485","Station","Route de Lausanne 15, Rolle",2.106,46.46276135,6.34494294131773,1,"diesel","Tamoil"
"486","Station","Route de Lausanne 15, Rolle",1.849,46.46276135,6.34494294131773,1,"unlead95","Tamoil"
"487","Station","Hochstrasse 157, Pfäffikon",2.106,47.360375,8.793889,1,"diesel","Tamoil"
"488","Station","Hochstrasse 157, Pfäffikon",1.849,47.360375,8.793889,1,"unlead95","Tamoil"
"489","Station","Grosser Letten 3, Neunkirch",2.106,47.6883898,8.49946969588785,1,"diesel","Tamoil"
"490","Station","Grosser Letten 3, Neunkirch",1.849,47.6883898,8.49946969588785,1,"unlead95","Tamoil"
"491","Station","Scheuchzerstr. 1, Zürich",2.106,47.52142355,8.5357441615245,1,"diesel","Tamoil"
"492","Station","Scheuchzerstr. 1, Zürich",1.849,47.52142355,8.5357441615245,1,"unlead95","Tamoil"
"495","Station","Rte Champ-Colin 11, Nyon",2.106,46.3834787,6.2167148,1,"diesel","Tamoil"
"496","Station","Rte Champ-Colin 11, Nyon",1.849,46.3834787,6.2167148,1,"unlead95","Tamoil"
"497","Station","Seestrasse 38, Oberrieden",2.106,47.2758048,8.5817839,1,"diesel","Tamoil"
"498","Station","Seestrasse 38, Oberrieden",1.849,47.2758048,8.5817839,1,"unlead95","Tamoil"
"499","Station","Via San Gottardo, Cadenazzo",2.106,46.1519558,8.9604824,1,"diesel","Tamoil"
"500","Station","Via San Gottardo, Cadenazzo",1.849,46.1519558,8.9604824,1,"unlead95","Tamoil"
"501","Station","Rte de Morges 25, Cossonay",2.106,46.60944615,6.50823400531536,1,"diesel","Tamoil"
"502","Station","Rte de Morges 25, Cossonay",1.849,46.60944615,6.50823400531536,1,"unlead95","Tamoil"
"503","Station","Mitteldorfstr 2b, Hägglingen",2.106,47.3888104,8.2535285,1,"diesel","Tamoil"
"504","Station","Mitteldorfstr 2b, Hägglingen",1.849,47.3888104,8.2535285,1,"unlead95","Tamoil"
"505","Station","Roosstr. 15, Regensdorf",2.106,47.4318163,8.4708787,1,"diesel","Tamoil"
"506","Station","Roosstr. 15, Regensdorf",1.849,47.4318163,8.4708787,1,"unlead95","Tamoil"
"507","Station","Aargauerstrasse 16, Wohlen",2.106,47.3452931,8.274833,1,"diesel","Tamoil"
"508","Station","Aargauerstrasse 16, Wohlen",1.849,47.3452931,8.274833,1,"unlead95","Tamoil"
"509","Noville","Route du Simplon 35, Noville",2.106,46.3869153,6.9208871,1,"diesel","Tamoil"
"510","Noville","Route du Simplon 35, Noville",1.849,46.3869153,6.9208871,1,"unlead95","Tamoil"
"511","Pf","Churerstr. 154, Pfäffikon",2.106,47.2015358,8.7958125,1,"diesel","Tamoil"
"512","Pf","Churerstr. 154, Pfäffikon",1.849,47.2015358,8.7958125,1,"unlead95","Tamoil"
"513","Station","Am Wasser 24, Zürich",2.106,47.39525975,8.51094541475681,1,"diesel","Tamoil"
"514","Station","Am Wasser 24, Zürich",1.849,47.39525975,8.51094541475681,1,"unlead95","Tamoil"
"515","Station","Wagistrasse 24, Schlieren",2.106,47.39811945,8.46062205,1,"diesel","Tamoil"
"516","Station","Wagistrasse 24, Schlieren",1.849,47.39811945,8.46062205,1,"unlead95","Tamoil"
"517","Station","Dübendorfstr. 34, Zürich",2.106,47.4026553,8.5773801,1,"diesel","Tamoil"
"518","Station","Dübendorfstr. 34, Zürich",1.849,47.4026553,8.5773801,1,"unlead95","Tamoil"
"521","Station","Rte de Thonon 336, Anières",2.106,46.2680872,6.238152,1,"diesel","Tamoil"
"522","Station","Rte de Thonon 336, Anières",1.849,46.2680872,6.238152,1,"unlead95","Tamoil"
"523","Station","Rte de Montana 1, Veyras",2.106,46.3063035,7.529767,1,"diesel","Tamoil"
"524","Station","Rte de Montana 1, Veyras",1.849,46.3063035,7.529767,1,"unlead95","Tamoil"
"525","Station","Bernstr. 361, Dietikon",2.106,47.39215455,8.40143545,1,"diesel","Tamoil"
"526","Station","Bernstr. 361, Dietikon",1.849,47.39215455,8.40143545,1,"unlead95","Tamoil"
"529","Station","Sandgruebstr. 2, Eglisau",2.106,47.5678724,8.5233914,1,"diesel","Tamoil"
"530","Station","Sandgruebstr. 2, Eglisau",1.849,47.5678724,8.5233914,1,"unlead95","Tamoil"
"531","Station","Huebwiesenstrasse 32, Geroldswil",2.106,47.42186925,8.4104194297847,1,"diesel","Tamoil"
"532","Station","Huebwiesenstrasse 32, Geroldswil",1.849,47.42186925,8.4104194297847,1,"unlead95","Tamoil"
"533","Station","Route des Plaines du Loup 26, Lausanne",2.106,46.53453685,6.6259301846473,1,"diesel","Tamoil"
"534","Station","Route des Plaines du Loup 26, Lausanne",1.849,46.53453685,6.6259301846473,1,"unlead95","Tamoil"
"535","Station","Rte de Genève 19, Commugny",2.106,46.3158821,6.1746238,1,"diesel","Tamoil"
"536","Station","Rte de Genève 19, Commugny",1.849,46.3158821,6.1746238,1,"unlead95","Tamoil"
"537","Station","Place du Tunnel 21, Lausanne",2.106,46.52585845,6.63384327000774,1,"diesel","Tamoil"
"538","Station","Place du Tunnel 21, Lausanne",1.849,46.52585845,6.63384327000774,1,"unlead95","Tamoil"
"539","Sierre","Route de Sion 79, Sierre",2.106,46.2848926,7.5168942,1,"diesel","Tamoil"
"540","Sierre","Route de Sion 79, Sierre",1.849,46.2848926,7.5168942,1,"unlead95","Tamoil"
"541","Station","Rte du Grand-St-Bernard 2, Liddes",2.106,45.9925228,7.1842154,1,"diesel","Tamoil"
"542","Station","Rte du Grand-St-Bernard 2, Liddes",1.849,45.9925228,7.1842154,1,"unlead95","Tamoil"
"543","Station","Reppischtalstrasse 312, Stallikon",2.106,47.3074898,8.4881287,1,"diesel","Tamoil"
"544","Station","Reppischtalstrasse 312, Stallikon",1.849,47.3074898,8.4881287,1,"unlead95","Tamoil"
"545","Station","Kempttalstrasse 21, Fehraltorf",2.106,47.3897218,8.74876520640732,1,"diesel","Tamoil"
"546","Station","Kempttalstrasse 21, Fehraltorf",1.849,47.3897218,8.74876520640732,1,"unlead95","Tamoil"
"549","Station","Dorfstrasse 15, Kloten",2.106,47.453505,8.58220228498818,1,"diesel","Tamoil"
"550","Station","Dorfstrasse 15, Kloten",1.849,47.453505,8.58220228498818,1,"unlead95","Tamoil"
"551","Station","Landstrasse 187, Wettingen",2.106,47.4597932,8.3416522,1,"diesel","Tamoil"
"552","Station","Landstrasse 187, Wettingen",1.849,47.4597932,8.3416522,1,"unlead95","Tamoil"
"553","Vesenaz","Route de Thonon 117, Vesenaz",2.106,46.24608655,6.20775882411744,1,"diesel","Tamoil"
"554","Vesenaz","Route de Thonon 117, Vesenaz",1.849,46.24608655,6.20775882411744,1,"unlead95","Tamoil"
"555","Station","Rue de Morges 1, Crissier",2.106,46.55144365,6.57104153101531,1,"diesel","Tamoil"
"556","Station","Rue de Morges 1, Crissier",1.849,46.55144365,6.57104153101531,1,"unlead95","Tamoil"
"557","Station","Rte de Blonay 20, Vevey",2.106,46.4614698,6.85698085,1,"diesel","Tamoil"
"558","Station","Rte de Blonay 20, Vevey",1.849,46.4614698,6.85698085,1,"unlead95","Tamoil"
"559","Riazzino","Via Cantonale, Riazzino",2.106,46.1745015,8.8976751,1,"diesel","Tamoil"
"560","Riazzino","Via Cantonale, Riazzino",1.849,46.1745015,8.8976751,1,"unlead95","Tamoil"
"561","Station","Hohenemser Str. 65a, Diepoldsau",2.106,47.3791489,9.66823603979832,1,"diesel","Tamoil"
"562","Station","Hohenemser Str. 65a, Diepoldsau",1.849,47.3791489,9.66823603979832,1,"unlead95","Tamoil"
"563","Station","Rte de Lausanne 19, Morges",2.106,46.6076994,6.5168614,1,"diesel","Tamoil"
"564","Station","Rte de Lausanne 19, Morges",1.849,46.6076994,6.5168614,1,"unlead95","Tamoil"
"565","Station","Rue du Pelaz 1, Bassins",2.106,46.46282685,6.2328978,1,"diesel","Tamoil"
"566","Station","Rue du Pelaz 1, Bassins",1.849,46.46282685,6.2328978,1,"unlead95","Tamoil"
"567","Station","Rte d'Echallens 16, Etagnières",2.106,46.60190285,6.61455332621064,1,"diesel","Tamoil"
"568","Station","Rte d'Echallens 16, Etagnières",1.849,46.60190285,6.61455332621064,1,"unlead95","Tamoil"
"569","Saint","Av. du Simplon 27, Saint-Maurice",2.106,46.2125383,7.0055897,1,"diesel","Tamoil"
"570","Saint","Av. du Simplon 27, Saint-Maurice",1.849,46.2125383,7.0055897,1,"unlead95","Tamoil"
"571","Sierre","Route de Sion 66, Sierre",2.106,46.2858916,7.5176627,1,"diesel","Tamoil"
"572","Sierre","Route de Sion 66, Sierre",1.849,46.2858916,7.5176627,1,"unlead95","Tamoil"
"573","Station","Landstrasse 10, Rafz",2.106,47.6109809,8.5397327,1,"diesel","Tamoil"
"574","Station","Landstrasse 10, Rafz",1.849,47.6109809,8.5397327,1,"unlead95","Tamoil"
"575","Station","Im Chrummenacher 8, Illnau",2.106,47.4047836,8.71949001562682,1,"diesel","Tamoil"
"576","Station","Im Chrummenacher 8, Illnau",1.849,47.4047836,8.71949001562682,1,"unlead95","Tamoil"
"577","Station","Route de Prilly 2, Crissier",2.106,46.548827,6.5799914,1,"diesel","Tamoil"
"578","Station","Route de Prilly 2, Crissier",1.849,46.548827,6.5799914,1,"unlead95","Tamoil"
"579","Station","Rte Blanche 7, Gingins",2.106,46.4173398,6.1853895,1,"diesel","Tamoil"
"580","Station","Rte Blanche 7, Gingins",1.849,46.4173398,6.1853895,1,"unlead95","Tamoil"
"581","Station","Oberhof 15, Weisslingen",2.106,47.428112,8.7666267714839,1,"diesel","Tamoil"
"582","Station","Oberhof 15, Weisslingen",1.849,47.428112,8.7666267714839,1,"unlead95","Tamoil"
"583","Station","Konstanzerstrasse 35, Kreuzlingen",2.106,47.6508092,9.1656162,1,"diesel","Tamoil"
"584","Station","Konstanzerstrasse 35, Kreuzlingen",1.849,47.6508092,9.1656162,1,"unlead95","Tamoil"
"585","Schlieren","Bernstr. 31, Schlieren",2.106,47.4018341,8.45046526280659,1,"diesel","Tamoil"
"586","Schlieren","Bernstr. 31, Schlieren",1.849,47.4018341,8.45046526280659,1,"unlead95","Tamoil"
"587","Station","Cantonale 1, Lamone",2.106,46.0451768,8.9260722,1,"diesel","Tamoil"
"588","Station","Cantonale 1, Lamone",1.849,46.0451768,8.9260722,1,"unlead95","Tamoil"
"589","Station","Rte de Sierre 1, Vissoie",2.106,46.2161974,7.5854252,1,"diesel","Tamoil"
"590","Station","Rte de Sierre 1, Vissoie",1.849,46.2161974,7.5854252,1,"unlead95","Tamoil"
"591","Station","Schulstrasse 3, Aarburg",2.106,47.3297382,7.9038076,1,"diesel","Tamoil"
"592","Station","Schulstrasse 3, Aarburg",1.849,47.3297382,7.9038076,1,"unlead95","Tamoil"
"593","Station","A 1, Bursins",2.106,46.4515535,6.2906369,1,"diesel","Tamoil"
"594","Station","A 1, Bursins",1.849,46.4515535,6.2906369,1,"unlead95","Tamoil"
"595","Station","Rte de Suisse 36, Mies",2.106,46.299034,6.1711215,1,"diesel","Tamoil"
"596","Station","Rte de Suisse 36, Mies",1.849,46.299034,6.1711215,1,"unlead95","Tamoil"
"597","Station","Route du Simplon, Roche",2.106,46.3532644,6.933023,1,"diesel","Tamoil"
"598","Station","Route du Simplon, Roche",1.849,46.3532644,6.933023,1,"unlead95","Tamoil"
