"","Brand","Name","Address","Price","Percentage_Change","Type"
"1","Avia","M","Vogelsangstr. 13 A, Gebenstorf","1,930 CHF/l","+0.00 CHF","unlead98"
"2","Avia","B","Hauptstr. 11, Tägerwilen","1,930 CHF/l","+0.00 CHF","unlead98"
"3","Avia","Garage","Aarauerstr. 60, Brugg","1,930 CHF/l","+0.00 CHF","unlead98"
"4","Avia","Tankstelle","Baselstr. 44, Reinach","1,930 CHF/l","+0.00 CHF","unlead98"
"5","Avia","Augst","Rheinstr. 34c, Augst","1,930 CHF/l","+0.00 CHF","unlead98"
"6","Avia","Achilles","St. Gallerstr. 15, Eggersriet","1,930 CHF/l","+0.00 CHF","unlead98"
"7","Avia","Tankstelle","St. Jakobsstr. 16, Muttenz","1,930 CHF/l","+0.00 CHF","unlead98"
"8","Avia","Ehrendingen","Landstr. 33, Ehrendingen","1,930 CHF/l","+0.00 CHF","unlead98"
"9","Avia","Basel","Burgfelderstr. 199, Basel","1,930 CHF/l","+0.00 CHF","unlead98"
"10","Avia","Shop","Oberstr. 137, St. Gallen","1,930 CHF/l","+0.00 CHF","unlead98"
"11","Avia","Riehen","Lörracherstr. 75, Riehen","1,930 CHF/l","+0.00 CHF","unlead98"
"12","Avia","Tankstelle","Seestr. 177, Thalwil","1,930 CHF/l","+0.00 CHF","unlead98"
"13","Avia","Tankstelle","Hauptstr. 60, Münchenstein","1,930 CHF/l","+0.00 CHF","unlead98"
"14","Avia","Tankstelle","Suhrerstr. 57, Oberentfelden","1,930 CHF/l","+0.00 CHF","unlead98"
"15","Avia","Tankstelle","Hegenheimerstr. 105, Basel","1,930 CHF/l","+0.00 CHF","unlead98"
"16","Avia","F","Uferstr. 10, Füllinsdorf","1,930 CHF/l","+0.00 CHF","unlead98"
"17","Avia","Jakob","Mühle 4, Näfels","1,930 CHF/l","+0.00 CHF","unlead98"
"18","Avia","Tankstelle","Birseckstr. 5, Arlesheim","1,930 CHF/l","+0.00 CHF","unlead98"
"19","Avia","E","Anglikerstr. 2, Wohlen","1,930 CHF/l","+0.00 CHF","unlead98"
"20","Avia","Tankstelle","Bergstr. 21, Meilen","1,930 CHF/l","+0.00 CHF","unlead98"
"21","Avia","Basel","Feldbergstr. 96, Basel","1,930 CHF/l","+0.00 CHF","unlead98"
"22","Avia","Tankstelle","Lenzburgerstr. 8, Mellingen","1,930 CHF/l","+0.00 CHF","unlead98"
"23","Avia","Reuss","Landstr., Gebenstorf","1,930 CHF/l","+0.00 CHF","unlead98"
"24","Avia","Buckten","Weiermatt 1, Buckten","1,930 CHF/l","+0.00 CHF","unlead98"
"25","Avia","Tankstelle","Stiegelen 1, Zufikon","1,930 CHF/l","+0.00 CHF","unlead98"
"26","Avia","Tankstelle","Edlibachstr. 40, Neuheim","1,930 CHF/l","+0.00 CHF","unlead98"
"27","Avia","Tankstelle","Poststr. 4, Burgdorf","1,930 CHF/l","+0.00 CHF","unlead98"
"28","Avia","Tankstelle","Klingentalstr. 12, Basel","1,930 CHF/l","+0.00 CHF","unlead98"
"29","Avia","Pratteln","Netzibodenstr. 21, Pratteln","1,930 CHF/l","+0.00 CHF","unlead98"
"30","Avia","Zwingen","Baselstr. 31, Zwingen","1,930 CHF/l","+0.00 CHF","unlead98"
"31","Avia","Hirn","Gaiserstr. 151, Appenzell","1,930 CHF/l","+0.00 CHF","unlead98"
"32","Avia","Tankstelle","Dornacherstr. 109, Basel","1,930 CHF/l","+0.00 CHF","unlead98"
"33","Avia","Auto","Hauptstr. 131, Tägerwilen","1,930 CHF/l","+0.00 CHF","unlead98"
"34","Avia","Stabio","Via Gaggiolo 41, Stabio","1,930 CHF/l","+0.00 CHF","unlead98"
"35","Avia","Rheinfelden","Zürcherstr. 34, Rheinfelden","1,930 CHF/l","+0.00 CHF","unlead98"
"36","Avia","Tankstelle","Ch. J.-J. Rigaud 34, Chêne-Bougeries","1,930 CHF/l","+0.00 CHF","unlead98"
"37","Avia","Tankstelle","Flughafenstr. 8, Kloten","1,930 CHF/l","+0.00 CHF","unlead98"
"38","Avia","Tankstelle","Rue des Moulières 5, Satigny","1,930 CHF/l","+0.00 CHF","unlead98"
"39","Avia","Reinach","Duggingerstr. 24, Reinach","1,930 CHF/l","+0.00 CHF","unlead98"
"40","Avia","Muttenz","Marschalkenstr. 10, Muttenz","1,930 CHF/l","+0.00 CHF","unlead98"
"41","Avia","Tankstelle","St. Georgenstr. 44, St. Gallen","1,930 CHF/l","+0.00 CHF","unlead98"
"42","Avia","Gebr","Zugerstr. 12, Bremgarten","1,930 CHF/l","+0.00 CHF","unlead98"
"43","Avia","Pratteln","Hohenrainstr. 7, Pratteln","1,930 CHF/l","+0.00 CHF","unlead98"
"44","Avia","Tankstelle","Holeestr. 55, Basel","1,930 CHF/l","+0.00 CHF","unlead98"
"45","Avia","Stein","Zürcherstr. 18, Stein","1,930 CHF/l","+0.00 CHF","unlead98"
"46","Avia","Tankstelle","Langgasse 51, St. Gallen","1,930 CHF/l","+0.00 CHF","unlead98"
"47","Avia","Auto","Sonnenwiesenstr.  17, Kreuzlingen","1,930 CHF/l","+0.00 CHF","unlead98"
"48","Avia","Tankstelle","Ziefenstr. 5, Reigoldswil","1,930 CHF/l","+0.00 CHF","unlead98"
"49","Avia","Shop","Alte Winterthurerstr. 11, Bülach","1,930 CHF/l","+0.00 CHF","unlead98"
"50","Avia","Tankstelle","Gewerbestr. 7, Sissach","1,930 CHF/l","+0.00 CHF","unlead98"
"51","Avia","Tankstelle","Delsbergstr., Liesberg","1,930 CHF/l","+0.00 CHF","unlead98"
"52","Avia","DC","Deucherstr. 39, Weinfelden","1,930 CHF/l","+0.00 CHF","unlead98"
"53","Avia","Tankstelle","Badener-Landstr. 23, Rafz","1,930 CHF/l","+0.00 CHF","unlead98"
"54","Avia","Tankstelle","Hauptstr. 37, Sisseln","1,930 CHF/l","+0.00 CHF","unlead98"
"55","Avia","Tankstelle","Landstr. 121, Wettingen","1,930 CHF/l","+0.00 CHF","unlead98"
"56","Avia","Shop","Romanshornerstr. 115, Egnach","1,930 CHF/l","+0.00 CHF","unlead98"
"57","Avia","Bild","Zürcherstr. 431, St. Gallen","1,930 CHF/l","+0.00 CHF","unlead98"
"58","Avia","Tankstelle","Rheinfelderstr. 2, Birsfelden","1,930 CHF/l","+0.00 CHF","unlead98"
"59","Avia","Tankstelle","Bahnhofplatz 18, Einsiedeln","1,930 CHF/l","+0.00 CHF","unlead98"
"60","Avia","Alfred","Hauptstr. 75b, Au","1,930 CHF/l","+0.00 CHF","unlead98"
"61","Avia","Tankstelle","Jonenstr. 32, Ottenbach","1,930 CHF/l","+0.00 CHF","unlead98"
"62","Avia","Tankstelle","Spitalweg 4, Lachen","1,930 CHF/l","+0.00 CHF","unlead98"
"63","Avia","Tankstelle","Hauptstrasse  68, Reinach","1,930 CHF/l","+0.00 CHF","unlead98"
"64","Avia","Seeblick","Landstr. 25, Altnau","1,930 CHF/l","+0.00 CHF","unlead98"
"65","Avia","Avia","Giornicostr. 1, Basel","1,930 CHF/l","+0.00 CHF","unlead98"
"66","Avia","Tankstelle","Hauptstr. 6, Ettingen","1,930 CHF/l","+0.00 CHF","unlead98"
"67","Avia","Theiler","Bergstr. 24, Goldau","1,930 CHF/l","+0.00 CHF","unlead98"
"68","Avia","Tankstelle","Freiburgerstr. 65, Basel","1,930 CHF/l","+0.00 CHF","unlead98"
"69","Avia","Boots","Seestr. 36, Altendorf","1,930 CHF/l","+0.00 CHF","unlead98"
"70","Avia","Tankstelle","Zürcherstr. 2, Wangen","1,930 CHF/l","+0.00 CHF","unlead98"
"71","Avia","Hanselmann","Erlenstr. 2, Sennwald","1,930 CHF/l","+0.00 CHF","unlead98"
"72","Avia","Zwingen","Baselstr. 16, Zwingen","1,930 CHF/l","+0.00 CHF","unlead98"
"73","Avia","Tankstelle","Schützengraben 23, Basel","1,930 CHF/l","+0.00 CHF","unlead98"
"74","Avia","Boots","Seestr. 59-61, Bäch","1,930 CHF/l","+0.00 CHF","unlead98"
"75","Avia","Tankstelle","Alte Landstr. 48, Thalwil","1,930 CHF/l","+0.00 CHF","unlead98"
"76","Avia","Basel","Elsässerstr. 248 (Zoll), Basel","1,930 CHF/l","+0.00 CHF","unlead98"
"77","Avia","Tankstelle","Route d Yverdon 9, Echallens","1,930 CHF/l","+0.00 CHF","unlead98"
"78","Avia","Tankstelle","Hauptstr. 1, Mitlödi","1,930 CHF/l","+0.00 CHF","unlead98"
"79","Avia","Hanspeter","Furtstr. 88, Brunnadern","1,930 CHF/l","+0.00 CHF","unlead98"
"80","Avia","Station","Bergsboden, Unterterzen","1,930 CHF/l","+0.00 CHF","unlead98"
"81","Avia","See","Rosengartenstr. 8, Unterterzen","1,930 CHF/l","+0.00 CHF","unlead98"
"82","Avia","Alpiger","Hauptstr. 8, Unterwasser","1,930 CHF/l","+0.00 CHF","unlead98"
"83","Avia","Tankstelle","Ch. de la Voie Creuse, Genève","1,930 CHF/l","+0.00 CHF","unlead98"
"84","Avia","Tankstelle","Rue Marc-Monnier 6, Genève","1,930 CHF/l","+0.00 CHF","unlead98"
"85","Avia","Shop","Ikarusstr. 2, St. Gallen","1,930 CHF/l","+0.00 CHF","unlead98"
"86","Avia","Lang","Seestr. 13, Kreuzlingen","1,930 CHF/l","+0.00 CHF","unlead98"
"87","Avia","Spar","Frauenfelderstr. 44, Winterthur","1,930 CHF/l","+0.00 CHF","unlead98"
"88","Avia","Tankstelle","Farlifangstr. 12, Zumikon","1,930 CHF/l","+0.00 CHF","unlead98"
"89","Avia","Waldenburg","Hauptstr. 7, Waldenburg","1,930 CHF/l","+0.00 CHF","unlead98"
"90","Avia","Tankstelle","Hirschengasse 6, Endingen","1,930 CHF/l","+0.00 CHF","unlead98"
"91","Avia","M","Oehningerstr. 74, Stein am Rhein","1,930 CHF/l","+0.00 CHF","unlead98"
"92","Avia","Tankstelle","Mutschellenstr. 25, Bellikon","1,930 CHF/l","+0.00 CHF","unlead98"
"93","Avia","Tankstelle","Dachslerenstr. 9, Zollikon","1,930 CHF/l","+0.00 CHF","unlead98"
"94","Avia","Shop","Konstanzerstr. 86, Wil","1,930 CHF/l","+0.00 CHF","unlead98"
"95","Avia","Tankstelle","Hauptstr. 64, Herznach","1,930 CHF/l","+0.00 CHF","unlead98"
"96","Avia","Tankstelle","Hauptstr. 142, Oeschgen","1,930 CHF/l","+0.00 CHF","unlead98"
"97","Avia","Shop","Zürcherstr. 36, Eglisau","1,930 CHF/l","+0.00 CHF","unlead98"
"98","Avia","Tankstelle","Muehlemattstr. 24, Oberwil","1,930 CHF/l","+0.00 CHF","unlead98"
"99","Avia","Seetankstelle","Hafen Steckborn, Steckborn","1,930 CHF/l","+0.00 CHF","unlead98"
"100","Avia","Rosengarten","Konstanzerstr. 65, Tägerwilen","1,930 CHF/l","+0.00 CHF","unlead98"
"101","Avia","Tankstelle","Rheinstr. 93, Frenkendorf","1,930 CHF/l","+0.00 CHF","unlead98"
"102","Avia","Basel","Kannenfeldplatz 4, Basel","1,930 CHF/l","+0.00 CHF","unlead98"
"103","Avia","Sissach","Hauptstr. 138, Sissach","1,930 CHF/l","+0.00 CHF","unlead98"
"104","Avia","Shop","Route du Simplon  55, Sierre","1,930 CHF/l","+0.00 CHF","unlead98"
"105","Avia","Shop","Zürcherstr. 104, Neuenhof","1,930 CHF/l","+0.00 CHF","unlead98"
"106","Avia","Yvonne","Hauptstr., Wuppenau","1,930 CHF/l","+0.00 CHF","unlead98"
"107","Avia","Shop","Hofwisenstr. 48, Rümlang","1,930 CHF/l","+0.00 CHF","unlead98"
"108","Avia","Shop","Zürcherstr. 27, Uznach","1,930 CHF/l","+0.00 CHF","unlead98"
"109","Avia","Garage","Kreuzlingerstr. 139, Oberaach","1,930 CHF/l","+0.00 CHF","unlead98"
"110","Avia","Franz","Landstr. 71, Glarus","1,930 CHF/l","+0.00 CHF","unlead98"
"111","Avia","Garage","Wohlerstr. 23, Bremgarten","1,930 CHF/l","+0.00 CHF","unlead98"
"112","Avia","Tankstelle","Wehntalerstr. 347, Zürich","1,930 CHF/l","+0.00 CHF","unlead98"
"113","Avia","Tankstelle","Sommerhalde 18, Fislisbach","1,930 CHF/l","+0.00 CHF","unlead98"
"114","Avia","Tankstelle","Seetalstr. 1, Seon","1,930 CHF/l","+0.00 CHF","unlead98"
"115","Avia","Ormalingen","Haupstr. 175, Ormalingen","1,930 CHF/l","+0.00 CHF","unlead98"
"116","Avia","Tankstelle","Haagerstr. 82, Gams","1,930 CHF/l","+0.00 CHF","unlead98"
"117","Avia","Spar","Linth-Escherstr. 19 a, Bilten","1,930 CHF/l","+0.00 CHF","unlead98"
"118","Avia","Dornach","Bahnhofstr. 2, Dornach","1,930 CHF/l","+0.00 CHF","unlead98"
"119","Avia","Tankstelle","Hauptstr. 151, Wildhaus","1,930 CHF/l","+0.00 CHF","unlead98"
"120","Avia","Tankstelle","Schaffhauserstr. 81, Kloten","1,930 CHF/l","+0.00 CHF","unlead98"
"121","Avia","Garage","Vorstatt 8, Nebikon","1,930 CHF/l","+0.00 CHF","unlead98"
"122","Avia","W","Vorstatt 7, Nebikon","1,930 CHF/l","+0.00 CHF","unlead98"
"123","Avia","Tankstelle","Koellikerstr. 30, Safenwil","1,930 CHF/l","+0.00 CHF","unlead98"
"124","Avia","Shop","Zürcherstr. 160/162, St. Gallen","1,930 CHF/l","+0.00 CHF","unlead98"
"125","Avia","Tankstelle","Bruelstr., Magden","1,930 CHF/l","+0.00 CHF","unlead98"
"126","Avia","Tankstelle","Port-de-la-Côte 2, Auvernier","1,930 CHF/l","+0.00 CHF","unlead98"
"127","Avia","Shop","Seestr. 73, Richterswil","1,930 CHF/l","+0.00 CHF","unlead98"
"128","Avia","Tankstelle","Seestr. 137, Erlenbach","1,930 CHF/l","+0.00 CHF","unlead98"
"129","Avia","Garage","Zürichstr. 39, Merenschwand","1,930 CHF/l","+0.00 CHF","unlead98"
"130","Avia","Tankstelle","Haldengasse 37, Zeiningen","1,930 CHF/l","+0.00 CHF","unlead98"
"131","Avia","Tankstelle","Kaltenbacherstr. 4, Stein am Rhein","1,930 CHF/l","+0.00 CHF","unlead98"
"132","Avia","Stazione","via Cantonale, Lodrino","1,930 CHF/l","+0.00 CHF","unlead98"
"133","Avia","Garage","Zürichstr. 44, Dübendorf","1,930 CHF/l","+0.00 CHF","unlead98"
"134","Avia","Tankstelle","Kelleramtstr. 9, Arni","1,930 CHF/l","+0.00 CHF","unlead98"
"135","Avia","Wyland","Hauptstr. 97, Wilchingen","1,930 CHF/l","+0.00 CHF","unlead98"
"136","Avia","G","Luzernerstr. 30, Dietwil","1,930 CHF/l","+0.00 CHF","unlead98"
"137","Avia","Tankstelle","Etzelstr. 41, Einsiedeln","1,930 CHF/l","+0.00 CHF","unlead98"
"138","Avia","Frei","Wilerstr. 48, Münchwilen","1,930 CHF/l","+0.00 CHF","unlead98"
"139","Avia","B","Vierlinden  7, Bözberg","1,930 CHF/l","+0.00 CHF","unlead98"
"140","Avia","Tankstelle","alte Zugerstr. 4, Wädenswil","1,930 CHF/l","+0.00 CHF","unlead98"
"141","Avia","Tankstelle","Route Cantonale, Rougemont","1,930 CHF/l","+0.00 CHF","unlead98"
"142","Avia","Schawalder","Thalerstr. 5, Rorschacherberg","1,930 CHF/l","+0.00 CHF","unlead98"
"143","Avia","Weber","Hauptstr. 69, Berg","1,930 CHF/l","+0.00 CHF","unlead98"
"144","Avia","Tankstelle","Industriestr. 1, Embrach","1,930 CHF/l","+0.00 CHF","unlead98"
"145","Avia","Tankstelle","Zürichstr. 5, Maur","1,930 CHF/l","+0.00 CHF","unlead98"
"146","Avia","Tankstelle","Seestr. 137, Männedorf","1,930 CHF/l","+0.00 CHF","unlead98"
"147","Avia","Tankstelle","Grüningerstr. 152, Ottikon","1,930 CHF/l","+0.00 CHF","unlead98"
"148","Avia","Tankstelle","Giessereistr. 1, Wetzikon","1,930 CHF/l","+0.00 CHF","unlead98"
"149","Avia","Tankstelle","Hochbergerstr. 50, Basel","1,930 CHF/l","+0.00 CHF","unlead98"
"150","Avia","Tankstelle","Kantonsstr. 2, Bubendorf","1,930 CHF/l","+0.00 CHF","unlead98"
"151","Avia","Tankstelle","Rue du Chablais 60, Massongex","1,930 CHF/l","+0.00 CHF","unlead98"
"152","Avia","Shop","Kantonsstr., Grächen","1,930 CHF/l","+0.00 CHF","unlead98"
"153","Avia","Tankstelle","Kantonsstr. 10, Freienbach","1,930 CHF/l","+0.00 CHF","unlead98"
"154","Avia","Tankstelle","Kantonsstrasse  115, Freienbach","1,930 CHF/l","+0.00 CHF","unlead98"
"155","Avia","station","Z.I. Les Ducats 1, Orbe","1,930 CHF/l","+0.00 CHF","unlead98"
"156","Avia","Dorfgarage","Arneggerstr. 25, Waldkirch","1,930 CHF/l","+0.00 CHF","unlead98"
"157","Avia","Garage","Dorf 11, Niederhelfenschwil","1,930 CHF/l","+0.00 CHF","unlead98"
"158","Avia","Tankstelle","Seestr. 163, Herrliberg","1,930 CHF/l","+0.00 CHF","unlead98"
"159","Avia","See","Hafen, Arbon","1,930 CHF/l","+0.00 CHF","unlead98"
"160","Avia","Tankstelle","Route Suisse 4, Founex","1,930 CHF/l","+0.00 CHF","unlead98"
"161","Avia","Hochwald","Hauptstr. 21, Hochwald","1,930 CHF/l","+0.00 CHF","unlead98"
"162","Avia","Frick","Alte Landstr. 70, Oberrieden","1,930 CHF/l","+0.00 CHF","unlead98"
"163","Avia","Tankstelle","Burgstr. 15, St. Gallen","1,930 CHF/l","+0.00 CHF","unlead98"
"164","Avia","Kreuzberg","Farnen, Sax","1,930 CHF/l","+0.00 CHF","unlead98"
"165","Avia","Tankstelle","Zürichstrasse 40, Adliswil","1,930 CHF/l","+0.00 CHF","unlead98"
"166","Avia","Garage","Romanshornerstr. 58, Kreuzlingen","1,930 CHF/l","+0.00 CHF","unlead98"
"167","Avia","Tankstelle","Zürcherstr. 1, Niederglatt","1,930 CHF/l","+0.00 CHF","unlead98"
"168","Avia","Tankstelle","Walderstr. 45, Rüti","1,930 CHF/l","+0.00 CHF","unlead98"
"169","Avia","Boots","Seestr. 824, Meilen","1,930 CHF/l","+0.00 CHF","unlead98"
"170","Avia","Tankstelle","Dorfstr. 489, Gontenschwil","1,930 CHF/l","+0.00 CHF","unlead98"
"171","Avia","Liestal","Rheinstr. 107, Liestal","1,930 CHF/l","+0.00 CHF","unlead98"
"172","Avia","Tankstelle","Ruedelfingerstr. 15, Marthalen","1,930 CHF/l","+0.00 CHF","unlead98"
"173","Avia","Tankstelle","Gasstr. 11, Liestal","1,930 CHF/l","+0.00 CHF","unlead98"
"174","Avia","Autogrill","A1 St. Gallen - St. Margrethen, St. Margrethen","1,930 CHF/l","+0.00 CHF","unlead98"
"175","Avia","Shop","Seestr. 109, Stäfa","1,930 CHF/l","+0.00 CHF","unlead98"
"176","Avia","Zangger","Stettemerstr. 7, Lohn","1,930 CHF/l","+0.00 CHF","unlead98"
"177","Avia","Rieser","Zollstrasse 14, Trasadingen","1,930 CHF/l","+0.00 CHF","unlead98"
"178","Avia","Tankstelle","Lerzenstr. 7, Dietikon","1,930 CHF/l","+0.00 CHF","unlead98"
"179","Avia","Shop","Diepoldsauerstr. 60, Widnau","1,930 CHF/l","+0.00 CHF","unlead98"
"180","Avia","Aesch","Baselstr. 22, Aesch","1,930 CHF/l","+0.00 CHF","unlead98"
"181","Avia","Auto","Uznacherstr. 21, Kaltbrunn","1,930 CHF/l","+0.00 CHF","unlead98"
"182","Avia","Shop","Harbernstr. 1, Otelfingen","1,930 CHF/l","+0.00 CHF","unlead98"
"183","Avia","Tankstelle","Badenerstr. 35, Schlieren","1,930 CHF/l","+0.00 CHF","unlead98"
"184","Avia","Tankstelle","Route de l Etraz, Vich","1,930 CHF/l","+0.00 CHF","unlead98"
"185","Avia","Tankstelle","Rue de Livron 11, Meyrin","1,930 CHF/l","+0.00 CHF","unlead98"
"186","Avia","Tankstelle","Frauenfelderstr. 39, Schlatt","1,930 CHF/l","+0.00 CHF","unlead98"
"187","Avia","Binder","Zürichstr. 30, Neftenbach","1,930 CHF/l","+0.00 CHF","unlead98"
"188","Avia","Basel","St. Alban-Anlage 72, Basel","1,930 CHF/l","+0.00 CHF","unlead98"
"189","Avia","Tankstelle","Route de Verbois 59, Russin","1,930 CHF/l","+0.00 CHF","unlead98"
"190","Avia","Garage","Fellenbergstr. 289a, Zürich-Albisrieden","1,930 CHF/l","+0.00 CHF","unlead98"
"191","Avia","Zunzgen","Hauptstr. 3, Zunzgen","1,930 CHF/l","+0.00 CHF","unlead98"
"192","Avia","Tankstelle","Etzelstr. 21, Hombrechtikon","1,930 CHF/l","+0.00 CHF","unlead98"
"193","Avia","Shop","A1 Forrenberg Nord, Seuzach","1,930 CHF/l","+0.00 CHF","unlead98"
"194","Avia","Spar","St. Gallerstr. 106, Winterthur","1,930 CHF/l","+0.00 CHF","unlead98"
"195","Avia","Tankstelle","Landstr. 8, Otelfingen","1,930 CHF/l","+0.00 CHF","unlead98"
"196","Avia","Shop","Zugerstr. 41, Wädenswil","1,930 CHF/l","+0.00 CHF","unlead98"
"197","Avia","Shop","Zürichsstr. 30, Mettmenstetten","1,930 CHF/l","+0.00 CHF","unlead98"
"198","Avia","Andreas","Staatsstr. 83, Grabs","1,930 CHF/l","+0.00 CHF","unlead98"
"199","Avia","Tankstelle","Route de Lausanne 1, Yverdon-Les-Bains","1,930 CHF/l","+0.00 CHF","unlead98"
"200","Avia","Service","St. Gallerstr. 64, Arbon","1,930 CHF/l","+0.00 CHF","unlead98"
"201","Avia","Tankstelle","Tramstr. 52, Uetikon am See","1,930 CHF/l","+0.00 CHF","unlead98"
"202","Avia","Tankstelle","Schwarzwaldstr. 70, Schleitheim","1,930 CHF/l","+0.00 CHF","unlead98"
"203","Avia","Avia","Route de Montheron 2, Cugy","1,930 CHF/l","+0.00 CHF","unlead98"
"204","Avia","Tankstelle","Industriestr. 2, Effretikon","1,930 CHF/l","+0.00 CHF","unlead98"
"205","Avia","Auto","Moosstr. 9, Rüschlikon","1,930 CHF/l","+0.00 CHF","unlead98"
"206","Avia","Carrozzeria","via Campagna Adorna 13, Mendrisio","1,930 CHF/l","+0.00 CHF","unlead98"
"207","Avia","Tankstelle","Zürcherstr. 37, Einsiedeln","1,930 CHF/l","+0.00 CHF","unlead98"
"208","Avia","Tankstelle","Badstr. 45, Niederurnen","1,930 CHF/l","+0.00 CHF","unlead98"
"209","Avia","PP","Arbonerstr. 19, Wittenbach","1,930 CHF/l","+0.00 CHF","unlead98"
"210","Avia","Tankstelle","Industriestrasse, Schlieren","1,930 CHF/l","+0.00 CHF","unlead98"
"211","Avia","Tankstelle","Riedgrabenstr. 26, Rümlang","1,930 CHF/l","+0.00 CHF","unlead98"
"212","Avia","Shop","Bülacherstr. 8, Hochfelden","1,930 CHF/l","+0.00 CHF","unlead98"
"213","Avia","Binningen","Oberwilerstr.  29-31, Binningen","1,930 CHF/l","+0.00 CHF","unlead98"
"214","Avia","Avia","Route du Lac, Vallamand","1,930 CHF/l","+0.00 CHF","unlead98"
"215","Avia","Shop","Route de Morrens  2, Cugy","1,930 CHF/l","+0.00 CHF","unlead98"
"216","Avia","Tankstelle","Emil Frey-Str. 35, Münchenstein","1,930 CHF/l","+0.00 CHF","unlead98"
"217","Avia","Tankstelle","Binningerstr.  54/56, Oberwil","1,930 CHF/l","+0.00 CHF","unlead98"
"218","Avia","Tankstelle","Klotenerstr. 72, Bassersdorf","1,930 CHF/l","+0.00 CHF","unlead98"
"219","Avia","Shop","Regensbergstr. 309, Zürich","1,930 CHF/l","+0.00 CHF","unlead98"
"220","Avia","Shop","Neunbrunnenstr. 40, Zürich","1,930 CHF/l","+0.00 CHF","unlead98"
"221","Avia","Tankstelle","Dorfstr. 16, Niederhasli","1,930 CHF/l","+0.00 CHF","unlead98"
"222","Avia","Brunnert","Seetankstelle, Gottlieben","1,930 CHF/l","+0.00 CHF","unlead98"
"223","Avia","Tankstelle","Hauptstr. 48, Flaach","1,930 CHF/l","+0.00 CHF","unlead98"
"224","Avia","Enge","Schaffhauserstr. 249, Beringen","1,930 CHF/l","+0.00 CHF","unlead98"
"225","Avia","Spitzmeilen","Alte Landstr., Flums","1,930 CHF/l","+0.00 CHF","unlead98"
"226","Avia","Meier","Sennegasse 10, Unterstammheim","1,930 CHF/l","+0.00 CHF","unlead98"
"227","Avia","Garage","Zürcherstr./Bernstr., Dietikon","1,930 CHF/l","+0.00 CHF","unlead98"
"228","Avia","Tankstelle","Pumpwerkstr. 25, Regensdorf","1,930 CHF/l","+0.00 CHF","unlead98"
"229","Avia","Garage","Dorfstr. 58, Weisslingen","1,930 CHF/l","+0.00 CHF","unlead98"
"230","BP","Station","Via San Gottardo 6, Balerna","1,889 CHF/l","+0.00 CHF","unlead95"
"231","BP","Station","Via San Gottardo 6, Balerna","2,140 CHF/l","+0.00 CHF","diesel"
"232","BP","Coldrerio","San Giorgio 37, Coldrerio","1,889 CHF/l","+0.00 CHF","unlead95"
"233","BP","Coldrerio","San Giorgio 37, Coldrerio","2,140 CHF/l","+0.00 CHF","diesel"
"234","BP","Balerna","Centro Breggia, Balerna","1,889 CHF/l","+0.00 CHF","unlead95"
"235","BP","Balerna","Centro Breggia, Balerna","2,140 CHF/l","+0.00 CHF","diesel"
"236","BP","Kloten","Schaffhaeuserstr. 168, Kloten","1,889 CHF/l","+0.00 CHF","unlead95"
"237","BP","Kloten","Schaffhaeuserstr. 168, Kloten","2,140 CHF/l","+0.00 CHF","diesel"
"238","BP","Station","Le Creux, Vallorbe","1,889 CHF/l","+0.00 CHF","unlead95"
"239","BP","Station","Le Creux, Vallorbe","2,140 CHF/l","+0.00 CHF","diesel"
"240","BP","Frenkendorf","Rheinstrasse 119, Frenkendorf","1,889 CHF/l","+0.00 CHF","unlead95"
"241","BP","Frenkendorf","Rheinstrasse 119, Frenkendorf","2,140 CHF/l","+0.00 CHF","diesel"
"242","BP","Station","N 1, Kappel","1,889 CHF/l","+0.00 CHF","unlead95"
"243","BP","Station","N 1, Kappel","2,140 CHF/l","+0.00 CHF","diesel"
"244","BP","Z","Soodstr. 42, Zürich","1,889 CHF/l","+0.00 CHF","unlead95"
"245","BP","Z","Soodstr. 42, Zürich","2,140 CHF/l","+0.00 CHF","diesel"
"246","BP","Jona","St. Dionys 9, Jona","1,889 CHF/l","+0.00 CHF","unlead95"
"247","BP","Jona","St. Dionys 9, Jona","2,140 CHF/l","+0.00 CHF","diesel"
"248","BP","B","Zuerichstr. 46, Bülach","1,889 CHF/l","+0.00 CHF","unlead95"
"249","BP","B","Zuerichstr. 46, Bülach","2,140 CHF/l","+0.00 CHF","diesel"
"250","BP","Pully","Avenue du Lavaux 38, Pully","1,889 CHF/l","+0.00 CHF","unlead95"
"251","BP","Pully","Avenue du Lavaux 38, Pully","2,140 CHF/l","+0.00 CHF","diesel"
"252","BP","Aarau","Neumattstr. 9, Aarau","1,889 CHF/l","+0.00 CHF","unlead95"
"253","BP","Aarau","Neumattstr. 9, Aarau","2,140 CHF/l","+0.00 CHF","diesel"
"254","BP","Station","Route Cantonale, Ollon","1,889 CHF/l","+0.00 CHF","unlead95"
"255","BP","Station","Route Cantonale, Ollon","2,140 CHF/l","+0.00 CHF","diesel"
"256","BP","Bussigny","Route de Crissier 6, Bussigny","1,889 CHF/l","+0.00 CHF","unlead95"
"257","BP","Bussigny","Route de Crissier 6, Bussigny","2,140 CHF/l","+0.00 CHF","diesel"
"258","BP","Novazzano","Via Casate 12, Novazzano","1,889 CHF/l","+0.00 CHF","unlead95"
"259","BP","Novazzano","Via Casate 12, Novazzano","2,140 CHF/l","+0.00 CHF","diesel"
"260","BP","Station","N 3, Niederurnen","1,889 CHF/l","+0.00 CHF","unlead95"
"261","BP","Station","N 3, Niederurnen","2,140 CHF/l","+0.00 CHF","diesel"
"262","BP","Bussigny","Route de Renens 6, Bussigny","1,889 CHF/l","+0.00 CHF","unlead95"
"263","BP","Bussigny","Route de Renens 6, Bussigny","2,140 CHF/l","+0.00 CHF","diesel"
"264","BP","Regensdorf","Roosstr., Regensdorf","1,889 CHF/l","+0.00 CHF","unlead95"
"265","BP","Regensdorf","Roosstr., Regensdorf","2,140 CHF/l","+0.00 CHF","diesel"
"266","BP","Wohlen","Zentralstr. 54, Wohlen","1,889 CHF/l","+0.00 CHF","unlead95"
"267","BP","Wohlen","Zentralstr. 54, Wohlen","2,140 CHF/l","+0.00 CHF","diesel"
"268","BP","Yverdon","Rue des Champs-Lovats 1, Yverdon-les-Bains","1,889 CHF/l","+0.00 CHF","unlead95"
"269","BP","Yverdon","Rue des Champs-Lovats 1, Yverdon-les-Bains","2,140 CHF/l","+0.00 CHF","diesel"
"270","BP","Ch","Route de Vernier 137, Vernier","1,889 CHF/l","+0.00 CHF","unlead95"
"271","BP","Ch","Route de Vernier 137, Vernier","2,140 CHF/l","+0.00 CHF","diesel"
"272","BP","Corsier","Route de Chatel St. Denis 18, Corseaux","1,889 CHF/l","+0.00 CHF","unlead95"
"273","BP","Corsier","Route de Chatel St. Denis 18, Corseaux","2,140 CHF/l","+0.00 CHF","diesel"
"274","BP","Le","Route de Ferney 187, Le Grand-Saconnex","1,889 CHF/l","+0.00 CHF","unlead95"
"275","BP","Le","Route de Ferney 187, Le Grand-Saconnex","2,140 CHF/l","+0.00 CHF","diesel"
"276","BP","T",", Täsch","1,889 CHF/l","+0.00 CHF","unlead95"
"277","BP","T",", Täsch","2,140 CHF/l","+0.00 CHF","diesel"
"278","BP","Ch","Route de Jussy 4, Chene-Bourg","1,889 CHF/l","+0.00 CHF","unlead95"
"279","BP","Ch","Route de Jussy 4, Chene-Bourg","2,140 CHF/l","+0.00 CHF","diesel"
"280","BP","Melide","Via Cantonale 15, Melide","1,889 CHF/l","+0.00 CHF","unlead95"
"281","BP","Melide","Via Cantonale 15, Melide","2,140 CHF/l","+0.00 CHF","diesel"
"282","BP","Arbon","Landquartstr. 91, Arbon","1,889 CHF/l","+0.00 CHF","unlead95"
"283","BP","Arbon","Landquartstr. 91, Arbon","2,140 CHF/l","+0.00 CHF","diesel"
"284","BP","STATION","HAUPTSTRASSE, ORBE","1,889 CHF/l","+0.00 CHF","unlead95"
"285","BP","STATION","HAUPTSTRASSE, ORBE","2,140 CHF/l","+0.00 CHF","diesel"
"286","BP","Th","Rte Blanche 9, Thonex","1,889 CHF/l","+0.00 CHF","unlead95"
"287","BP","Th","Rte Blanche 9, Thonex","2,140 CHF/l","+0.00 CHF","diesel"
"288","BP","Z","Seebahnstr. 110, Zurich","1,889 CHF/l","+0.00 CHF","unlead95"
"289","BP","Z","Seebahnstr. 110, Zurich","2,140 CHF/l","+0.00 CHF","diesel"
"290","BP","Unterterzen","A 3, Unterterzen","1,889 CHF/l","+0.00 CHF","unlead95"
"291","BP","Unterterzen","A 3, Unterterzen","2,140 CHF/l","+0.00 CHF","diesel"
"292","BP","St","Zürcherstr. 475, St. Gallen","1,889 CHF/l","+0.00 CHF","unlead95"
"293","BP","St","Zürcherstr. 475, St. Gallen","2,140 CHF/l","+0.00 CHF","diesel"
"294","BP","Feuerthalen","Diessenhofer Str. 28, Feuerthalen","1,889 CHF/l","+0.00 CHF","unlead95"
"295","BP","Feuerthalen","Diessenhofer Str. 28, Feuerthalen","2,140 CHF/l","+0.00 CHF","diesel"
"296","BP","St","Rorschacher Str. 271, St. Gallen","1,889 CHF/l","+0.00 CHF","unlead95"
"297","BP","St","Rorschacher Str. 271, St. Gallen","2,140 CHF/l","+0.00 CHF","diesel"
"298","BP","Basel","Leimgrubenweg 25, Basel","1,889 CHF/l","+0.00 CHF","unlead95"
"299","BP","Basel","Leimgrubenweg 25, Basel","2,140 CHF/l","+0.00 CHF","diesel"
"300","BP","Wettingen","Landstr. 148 - 152, Wettingen","1,889 CHF/l","+0.00 CHF","unlead95"
"301","BP","Wettingen","Landstr. 148 - 152, Wettingen","2,140 CHF/l","+0.00 CHF","diesel"
"302","BP","Station","Route de Cossonay, Crissier","1,889 CHF/l","+0.00 CHF","unlead95"
"303","BP","Station","Route de Cossonay, Crissier","2,140 CHF/l","+0.00 CHF","diesel"
"304","BP","Station","N 1, Kemptthal","1,889 CHF/l","+0.00 CHF","unlead95"
"305","BP","Station","N 1, Kemptthal","2,140 CHF/l","+0.00 CHF","diesel"
"306","BP","Meyrin","Rue du Nant D Avril 90, Meyrin","1,889 CHF/l","+0.00 CHF","unlead95"
"307","BP","Meyrin","Rue du Nant D Avril 90, Meyrin","2,140 CHF/l","+0.00 CHF","diesel"
"308","BP","Wetzikon","Zurich street 86, Wetzikon","1,889 CHF/l","+0.00 CHF","unlead95"
"309","BP","Wetzikon","Zurich street 86, Wetzikon","2,140 CHF/l","+0.00 CHF","diesel"
"310","BP","Z","Mythenquai 320, Zurich","1,889 CHF/l","+0.00 CHF","unlead95"
"311","BP","Z","Mythenquai 320, Zurich","2,140 CHF/l","+0.00 CHF","diesel"
"312","BP","Station","Goetzisbodenweg 22, Pratteln","1,889 CHF/l","+0.00 CHF","unlead95"
"313","BP","Station","Goetzisbodenweg 22, Pratteln","2,140 CHF/l","+0.00 CHF","diesel"
"314","BP","Station","Goetzisbodenweg 22, Pratteln","1,889 CHF/l","+0.00 CHF","unlead95"
"315","BP","Station","Goetzisbodenweg 22, Pratteln","2,140 CHF/l","+0.00 CHF","diesel"
"316","BP","Station","N 1, Wil","1,889 CHF/l","+0.00 CHF","unlead95"
"317","BP","Station","N 1, Wil","2,140 CHF/l","+0.00 CHF","diesel"
"318","BP","Petit","Route de Chancy 17, Petit-Lancy","1,889 CHF/l","+0.00 CHF","unlead95"
"319","BP","Petit","Route de Chancy 17, Petit-Lancy","2,140 CHF/l","+0.00 CHF","diesel"
"320","BP","Station","N 1, Wil","1,889 CHF/l","+0.00 CHF","unlead95"
"321","BP","Station","N 1, Wil","2,140 CHF/l","+0.00 CHF","diesel"
"322","BP","Station","Route de Chancy 102, Onex","1,889 CHF/l","+0.00 CHF","unlead95"
"323","BP","Station","Route de Chancy 102, Onex","2,140 CHF/l","+0.00 CHF","diesel"
"324","BP","Cadenazzo","Via Cantonale, Cadenazzo","1,889 CHF/l","+0.00 CHF","unlead95"
"325","BP","Cadenazzo","Via Cantonale, Cadenazzo","2,140 CHF/l","+0.00 CHF","diesel"
"326","BP","Station","N 1, Kemptthal","1,889 CHF/l","+0.00 CHF","unlead95"
"327","BP","Station","N 1, Kemptthal","2,140 CHF/l","+0.00 CHF","diesel"
"328","BP","Lausanne","Avenue du Grey, Lausanne","1,889 CHF/l","+0.00 CHF","unlead95"
"329","BP","Lausanne","Avenue du Grey, Lausanne","2,140 CHF/l","+0.00 CHF","diesel"
"330","BP","Genestrerio","Via Adorna, Genestrerio","1,889 CHF/l","+0.00 CHF","unlead95"
"331","BP","Genestrerio","Via Adorna, Genestrerio","2,140 CHF/l","+0.00 CHF","diesel"
"332","Eni","Station","Dufourstr. 17, Weinfelden","1,823 CHF/l","+0.00 CHF","unlead95"
"333","Eni","Station","Dufourstr. 17, Weinfelden","1,487 CHF/kg","+0.00 CHF","cng"
"334","Eni","Verbier","Route de Verbier station 33, Verbier","1,823 CHF/l","+0.00 CHF","unlead95"
"335","Eni","Verbier","Route de Verbier station 33, Verbier","1,487 CHF/kg","+0.00 CHF","cng"
"336","Eni","Station","Route de Lausanne 3, Penthalaz","1,823 CHF/l","+0.00 CHF","unlead95"
"337","Eni","Station","Route de Lausanne 3, Penthalaz","1,487 CHF/kg","+0.00 CHF","cng"
"338","Eni","Station","Via Corogna, Arbedo-Castione","1,823 CHF/l","+0.00 CHF","unlead95"
"339","Eni","Station","Via Corogna, Arbedo-Castione","1,487 CHF/kg","+0.00 CHF","cng"
"340","Eni","Station","Avenue de Rhodanie 68, Lausanne","1,823 CHF/l","+0.00 CHF","unlead95"
"341","Eni","Station","Avenue de Rhodanie 68, Lausanne","1,487 CHF/kg","+0.00 CHF","cng"
"342","Eni","La","Le Reymond 15, La Chaux-de-Fonds","1,823 CHF/l","+0.00 CHF","unlead95"
"343","Eni","La","Le Reymond 15, La Chaux-de-Fonds","1,487 CHF/kg","+0.00 CHF","cng"
"344","Eni","Station","Route du Grand-Saint-Bernard 5, Sembrancher","1,823 CHF/l","+0.00 CHF","unlead95"
"345","Eni","Station","Route du Grand-Saint-Bernard 5, Sembrancher","1,487 CHF/kg","+0.00 CHF","cng"
"346","Eni","Duggingen","Liebmattstr. 2, Duggingen","1,823 CHF/l","+0.00 CHF","unlead95"
"347","Eni","Duggingen","Liebmattstr. 2, Duggingen","1,487 CHF/kg","+0.00 CHF","cng"
"348","Eni","Stabio","Via Gaggiolo 35, Stabio","1,823 CHF/l","+0.00 CHF","unlead95"
"349","Eni","Stabio","Via Gaggiolo 35, Stabio","1,487 CHF/kg","+0.00 CHF","cng"
"350","Eni","Saint","Route du Simplon 39, Saint-Maurice","1,823 CHF/l","+0.00 CHF","unlead95"
"351","Eni","Saint","Route du Simplon 39, Saint-Maurice","1,487 CHF/kg","+0.00 CHF","cng"
"352","Eni","Station","A 2, Coldrerio","1,823 CHF/l","+0.00 CHF","unlead95"
"353","Eni","Station","A 2, Coldrerio","1,487 CHF/kg","+0.00 CHF","cng"
"354","Eni","Bussigny","Route de Renens 12, Bussigny","1,823 CHF/l","+0.00 CHF","unlead95"
"355","Eni","Bussigny","Route de Renens 12, Bussigny","1,487 CHF/kg","+0.00 CHF","cng"
"356","Eni","Cadenazzo","Via Monte Ceneri 1, Cadenazzo","1,823 CHF/l","+0.00 CHF","unlead95"
"357","Eni","Cadenazzo","Via Monte Ceneri 1, Cadenazzo","1,487 CHF/kg","+0.00 CHF","cng"
"358","Eni","Yverdon","Avenue des Bains 26, Yverdon-les-Bains","1,823 CHF/l","+0.00 CHF","unlead95"
"359","Eni","Yverdon","Avenue des Bains 26, Yverdon-les-Bains","1,487 CHF/kg","+0.00 CHF","cng"
"360","Eni","Station","Route des Plaines-du-Loup 48, Lausanne","1,823 CHF/l","+0.00 CHF","unlead95"
"361","Eni","Station","Route des Plaines-du-Loup 48, Lausanne","1,487 CHF/kg","+0.00 CHF","cng"
"362","Eni","Station","Soodstr. 91, Adliswil","1,823 CHF/l","+0.00 CHF","unlead95"
"363","Eni","Station","Soodstr. 91, Adliswil","1,487 CHF/kg","+0.00 CHF","cng"
"364","Eni","Noville","Route d'Evian 43, Noville","1,823 CHF/l","+0.00 CHF","unlead95"
"365","Eni","Noville","Route d'Evian 43, Noville","1,487 CHF/kg","+0.00 CHF","cng"
"366","Eni","Station","Route de Berne 301, Lausanne","1,823 CHF/l","+0.00 CHF","unlead95"
"367","Eni","Station","Route de Berne 301, Lausanne","1,487 CHF/kg","+0.00 CHF","cng"
"368","Eni","Z","Dörflistr. 90, Zürich","1,823 CHF/l","+0.00 CHF","unlead95"
"369","Eni","Z","Dörflistr. 90, Zürich","1,487 CHF/kg","+0.00 CHF","cng"
"370","Eni","Station","N 1, St. Margrethen","1,823 CHF/l","+0.00 CHF","unlead95"
"371","Eni","Station","N 1, St. Margrethen","1,487 CHF/kg","+0.00 CHF","cng"
"372","Eni","Diepoldsau","Tramstr., Diepoldsau","1,823 CHF/l","+0.00 CHF","unlead95"
"373","Eni","Diepoldsau","Tramstr., Diepoldsau","1,487 CHF/kg","+0.00 CHF","cng"
"374","Eni","Agip","En Roin Bosson, Morges","1,823 CHF/l","+0.00 CHF","unlead95"
"375","Eni","Agip","En Roin Bosson, Morges","1,487 CHF/kg","+0.00 CHF","cng"
"376","Eni","Niedernzwil","Bahnhofstr. 170 - 175, Niederuzwil","1,823 CHF/l","+0.00 CHF","unlead95"
"377","Eni","Niedernzwil","Bahnhofstr. 170 - 175, Niederuzwil","1,487 CHF/kg","+0.00 CHF","cng"
"378","Eni","Corseaux","Route de Lavaux 8, Vevey","1,823 CHF/l","+0.00 CHF","unlead95"
"379","Eni","Corseaux","Route de Lavaux 8, Vevey","1,487 CHF/kg","+0.00 CHF","cng"
"380","Eni","Schindellegi","Einsiedlerstr. 12, Schindellegi","1,823 CHF/l","+0.00 CHF","unlead95"
"381","Eni","Schindellegi","Einsiedlerstr. 12, Schindellegi","1,487 CHF/kg","+0.00 CHF","cng"
"382","Eni","La","Rue des Cretets 92, La Chaux-de-Fonds","1,823 CHF/l","+0.00 CHF","unlead95"
"383","Eni","La","Rue des Cretets 92, La Chaux-de-Fonds","1,487 CHF/kg","+0.00 CHF","cng"
"384","Eni","Wetzikon","Zuercher Str. 22, Wetzikon","1,823 CHF/l","+0.00 CHF","unlead95"
"385","Eni","Wetzikon","Zuercher Str. 22, Wetzikon","1,487 CHF/kg","+0.00 CHF","cng"
"386","Righetti","Collina","Via S.Abbondio 44, Gentilino","1,790 CHF/l","+0.00 CHF","unlead95"
"387","Righetti","Collina","Via S.Abbondio 44, Gentilino","1,890 CHF/l","+0.00 CHF","unlead98"
"388","Righetti","Collina","Via S.Abbondio 44, Gentilino","2,000 CHF/l","+0.00 CHF","diesel"
"389","Righetti","Sede","Via San Mamete 86, Mezzovico","1,790 CHF/l","+0.00 CHF","unlead95"
"390","Righetti","Sede","Via San Mamete 86, Mezzovico","1,890 CHF/l","+0.00 CHF","unlead98"
"391","Righetti","Sede","Via San Mamete 86, Mezzovico","2,000 CHF/l","+0.00 CHF","diesel"
"392","Shell","Station","Industriestraße 1, Birmensdorf","1,439 CHF/l","+0.00 CHF","unlead95"
"393","Shell","Station","Industriestraße 1, Birmensdorf","1,559 CHF/l","+0.00 CHF","diesel"
"394","Shell","Station","Industriestraße 1, Birmensdorf","1,550 CHF/kg","+0.00 CHF","cng"
"395","Shell","Station","Flughafenstrasse 100, Basel","1,439 CHF/l","+0.00 CHF","unlead95"
"396","Shell","Station","Flughafenstrasse 100, Basel","1,559 CHF/l","+0.00 CHF","diesel"
"397","Shell","Station","Flughafenstrasse 100, Basel","1,550 CHF/kg","+0.00 CHF","cng"
"398","Shell","Station","A 3, Niederurnen","1,439 CHF/l","+0.00 CHF","unlead95"
"399","Shell","Station","A 3, Niederurnen","1,559 CHF/l","+0.00 CHF","diesel"
"400","Shell","Station","A 3, Niederurnen","1,550 CHF/kg","+0.00 CHF","cng"
"401","Shell","Station","Rte de Chancy 142, Onex","1,439 CHF/l","+0.00 CHF","unlead95"
"402","Shell","Station","Rte de Chancy 142, Onex","1,559 CHF/l","+0.00 CHF","diesel"
"403","Shell","Station","Rte de Chancy 142, Onex","1,550 CHF/kg","+0.00 CHF","cng"
"404","Shell","Station","Rte de Divonne, Chavannes-de-Bogis","1,439 CHF/l","+0.00 CHF","unlead95"
"405","Shell","Station","Rte de Divonne, Chavannes-de-Bogis","1,559 CHF/l","+0.00 CHF","diesel"
"406","Shell","Station","Rte de Divonne, Chavannes-de-Bogis","1,550 CHF/kg","+0.00 CHF","cng"
"407","Shell","Station","A 1, Würenlos","1,439 CHF/l","+0.00 CHF","unlead95"
"408","Shell","Station","A 1, Würenlos","1,559 CHF/l","+0.00 CHF","diesel"
"409","Shell","Station","A 1, Würenlos","1,550 CHF/kg","+0.00 CHF","cng"
"410","Shell","Station","A 1, Würenlos","1,439 CHF/l","+0.00 CHF","unlead95"
"411","Shell","Station","A 1, Würenlos","1,559 CHF/l","+0.00 CHF","diesel"
"412","Shell","Station","A 1, Würenlos","1,550 CHF/kg","+0.00 CHF","cng"
"413","Shell","Station","Zollstrasse 79, Thayngen","1,439 CHF/l","+0.00 CHF","unlead95"
"414","Shell","Station","Zollstrasse 79, Thayngen","1,559 CHF/l","+0.00 CHF","diesel"
"415","Shell","Station","Zollstrasse 79, Thayngen","1,550 CHF/kg","+0.00 CHF","cng"
"416","Shell","Station","A 1, Bavois","1,439 CHF/l","+0.00 CHF","unlead95"
"417","Shell","Station","A 1, Bavois","1,559 CHF/l","+0.00 CHF","diesel"
"418","Shell","Station","A 1, Bavois","1,550 CHF/kg","+0.00 CHF","cng"
"419","Shell","Station","Bergstraße 117, Zürich","1,439 CHF/l","+0.00 CHF","unlead95"
"420","Shell","Station","Bergstraße 117, Zürich","1,559 CHF/l","+0.00 CHF","diesel"
"421","Shell","Station","Bergstraße 117, Zürich","1,550 CHF/kg","+0.00 CHF","cng"
"422","Shell","Station","Wohlerstrasse 18, Bremgarten","1,439 CHF/l","+0.00 CHF","unlead95"
"423","Shell","Station","Wohlerstrasse 18, Bremgarten","1,559 CHF/l","+0.00 CHF","diesel"
"424","Shell","Station","Wohlerstrasse 18, Bremgarten","1,550 CHF/kg","+0.00 CHF","cng"
"425","Shell","Station","Av. Mategnin 45, Meyrin","1,439 CHF/l","+0.00 CHF","unlead95"
"426","Shell","Station","Av. Mategnin 45, Meyrin","1,559 CHF/l","+0.00 CHF","diesel"
"427","Shell","Station","Av. Mategnin 45, Meyrin","1,550 CHF/kg","+0.00 CHF","cng"
"428","Shell","Station","Rheinstraße 29, Pratteln","1,439 CHF/l","+0.00 CHF","unlead95"
"429","Shell","Station","Rheinstraße 29, Pratteln","1,559 CHF/l","+0.00 CHF","diesel"
"430","Shell","Station","Rheinstraße 29, Pratteln","1,550 CHF/kg","+0.00 CHF","cng"
"431","Shell","Station","Route d'Ambilly 3, Thonex","1,439 CHF/l","+0.00 CHF","unlead95"
"432","Shell","Station","Route d'Ambilly 3, Thonex","1,559 CHF/l","+0.00 CHF","diesel"
"433","Shell","Station","Route d'Ambilly 3, Thonex","1,550 CHF/kg","+0.00 CHF","cng"
"434","Shell","Station","A 1, Bavois","1,439 CHF/l","+0.00 CHF","unlead95"
"435","Shell","Station","A 1, Bavois","1,559 CHF/l","+0.00 CHF","diesel"
"436","Shell","Station","A 1, Bavois","1,550 CHF/kg","+0.00 CHF","cng"
"437","Shell","Station","Riedmattstraße 8, Rümlang","1,439 CHF/l","+0.00 CHF","unlead95"
"438","Shell","Station","Riedmattstraße 8, Rümlang","1,559 CHF/l","+0.00 CHF","diesel"
"439","Shell","Station","Riedmattstraße 8, Rümlang","1,550 CHF/kg","+0.00 CHF","cng"
"440","Shell","Station","Rte de Meyrin 248, Meyrin","1,439 CHF/l","+0.00 CHF","unlead95"
"441","Shell","Station","Rte de Meyrin 248, Meyrin","1,559 CHF/l","+0.00 CHF","diesel"
"442","Shell","Station","Rte de Meyrin 248, Meyrin","1,550 CHF/kg","+0.00 CHF","cng"
"443","Tamoil","Balerna","Via San Gottardo 12, Balerna","2,106 CHF/l","+0.00 CHF","diesel"
"444","Tamoil","Balerna","Via San Gottardo 12, Balerna","1,849 CHF/l","+0.00 CHF","unlead95"
"445","Tamoil","Station","Les Valettes, Bovernier","2,106 CHF/l","+0.00 CHF","diesel"
"446","Tamoil","Station","Les Valettes, Bovernier","1,849 CHF/l","+0.00 CHF","unlead95"
"447","Tamoil","Station","Zürcherstrasse 42, Siebnen","2,106 CHF/l","+0.00 CHF","diesel"
"448","Tamoil","Station","Zürcherstrasse 42, Siebnen","1,849 CHF/l","+0.00 CHF","unlead95"
"449","Tamoil","Station","Rte de Divonne 1, Chavannes-de-Bogis","2,106 CHF/l","+0.00 CHF","diesel"
"450","Tamoil","Station","Rte de Divonne 1, Chavannes-de-Bogis","1,849 CHF/l","+0.00 CHF","unlead95"
"451","Tamoil","Station","Überlandstrasse 224, Dübendorf","2,106 CHF/l","+0.00 CHF","diesel"
"452","Tamoil","Station","Überlandstrasse 224, Dübendorf","1,849 CHF/l","+0.00 CHF","unlead95"
"453","Tamoil","Station","Rte de la Gemmi 40, Salgesch","2,106 CHF/l","+0.00 CHF","diesel"
"454","Tamoil","Station","Rte de la Gemmi 40, Salgesch","1,849 CHF/l","+0.00 CHF","unlead95"
"455","Tamoil","Station","Rte du Nantd'Avril 36, Vernier","2,106 CHF/l","+0.00 CHF","diesel"
"456","Tamoil","Station","Rte du Nantd'Avril 36, Vernier","1,849 CHF/l","+0.00 CHF","unlead95"
"457","Tamoil","Station","rue des Rangiers 22, Saignelégier","2,106 CHF/l","+0.00 CHF","diesel"
"458","Tamoil","Station","rue des Rangiers 22, Saignelégier","1,849 CHF/l","+0.00 CHF","unlead95"
"459","Tamoil","Station","Industriestrasse 1, Lostorf","2,106 CHF/l","+0.00 CHF","diesel"
"460","Tamoil","Station","Industriestrasse 1, Lostorf","1,849 CHF/l","+0.00 CHF","unlead95"
"461","Tamoil","Station","Rte de Meyrin 291, Meyrin","2,106 CHF/l","+0.00 CHF","diesel"
"462","Tamoil","Station","Rte de Meyrin 291, Meyrin","1,849 CHF/l","+0.00 CHF","unlead95"
"463","Tamoil","Stalden","Meryen 109, Stalden","2,106 CHF/l","+0.00 CHF","diesel"
"464","Tamoil","Stalden","Meryen 109, Stalden","1,849 CHF/l","+0.00 CHF","unlead95"
"465","Tamoil","Station","Wülflingerstrasse 405, Winterthur","2,106 CHF/l","+0.00 CHF","diesel"
"466","Tamoil","Station","Wülflingerstrasse 405, Winterthur","1,849 CHF/l","+0.00 CHF","unlead95"
"467","Tamoil","Station","Route des Jeunes 8, Carouge","2,106 CHF/l","+0.00 CHF","diesel"
"468","Tamoil","Station","Route des Jeunes 8, Carouge","1,849 CHF/l","+0.00 CHF","unlead95"
"469","Tamoil","Station","Aaretalstr. 13, Döttingen","2,106 CHF/l","+0.00 CHF","diesel"
"470","Tamoil","Station","Aaretalstr. 13, Döttingen","1,849 CHF/l","+0.00 CHF","unlead95"
"471","Tamoil","Station","Rte de la Raisse 19, Glovelier","2,106 CHF/l","+0.00 CHF","diesel"
"472","Tamoil","Station","Rte de la Raisse 19, Glovelier","1,849 CHF/l","+0.00 CHF","unlead95"
"473","Tamoil","Station","Rue du Centre Sportif 54, Verbier","2,106 CHF/l","+0.00 CHF","diesel"
"474","Tamoil","Station","Rue du Centre Sportif 54, Verbier","1,849 CHF/l","+0.00 CHF","unlead95"
"475","Tamoil","Station","Geiselweidstrasse 37, Winterthur","2,106 CHF/l","+0.00 CHF","diesel"
"476","Tamoil","Station","Geiselweidstrasse 37, Winterthur","1,849 CHF/l","+0.00 CHF","unlead95"
"477","Tamoil","Station","Ch. des Sauges 1, Lausanne","2,106 CHF/l","+0.00 CHF","diesel"
"478","Tamoil","Station","Ch. des Sauges 1, Lausanne","1,849 CHF/l","+0.00 CHF","unlead95"
"479","Tamoil","Station","Schaffhauserstr. 44, Stein","2,106 CHF/l","+0.00 CHF","diesel"
"480","Tamoil","Station","Schaffhauserstr. 44, Stein","1,849 CHF/l","+0.00 CHF","unlead95"
"481","Tamoil","Station","Avenue de Morges 1, Lonay","2,106 CHF/l","+0.00 CHF","diesel"
"482","Tamoil","Station","Avenue de Morges 1, Lonay","1,849 CHF/l","+0.00 CHF","unlead95"
"483","Tamoil","Station","rte d'Ambilly 58, ThôneX","2,106 CHF/l","+0.00 CHF","diesel"
"484","Tamoil","Station","rte d'Ambilly 58, ThôneX","1,849 CHF/l","+0.00 CHF","unlead95"
"485","Tamoil","Station","Route de Lausanne 15, Rolle","2,106 CHF/l","+0.00 CHF","diesel"
"486","Tamoil","Station","Route de Lausanne 15, Rolle","1,849 CHF/l","+0.00 CHF","unlead95"
"487","Tamoil","Station","Hochstrasse 157, Pfäffikon","2,106 CHF/l","+0.00 CHF","diesel"
"488","Tamoil","Station","Hochstrasse 157, Pfäffikon","1,849 CHF/l","+0.00 CHF","unlead95"
"489","Tamoil","Station","Grosser Letten 3, Neunkirch","2,106 CHF/l","+0.00 CHF","diesel"
"490","Tamoil","Station","Grosser Letten 3, Neunkirch","1,849 CHF/l","+0.00 CHF","unlead95"
"491","Tamoil","Station","Scheuchzerstr. 1, Zürich","2,106 CHF/l","+0.00 CHF","diesel"
"492","Tamoil","Station","Scheuchzerstr. 1, Zürich","1,849 CHF/l","+0.00 CHF","unlead95"
"493","Tamoil","Station","Rte de l'Industrie 70, Bussigny","2,106 CHF/l","+0.00 CHF","diesel"
"494","Tamoil","Station","Rte de l'Industrie 70, Bussigny","1,849 CHF/l","+0.00 CHF","unlead95"
"495","Tamoil","Station","Rte Champ-Colin 11, Nyon","2,106 CHF/l","+0.00 CHF","diesel"
"496","Tamoil","Station","Rte Champ-Colin 11, Nyon","1,849 CHF/l","+0.00 CHF","unlead95"
"497","Tamoil","Station","Seestrasse 38, Oberrieden","2,106 CHF/l","+0.00 CHF","diesel"
"498","Tamoil","Station","Seestrasse 38, Oberrieden","1,849 CHF/l","+0.00 CHF","unlead95"
"499","Tamoil","Station","Via San Gottardo, Cadenazzo","2,106 CHF/l","+0.00 CHF","diesel"
"500","Tamoil","Station","Via San Gottardo, Cadenazzo","1,849 CHF/l","+0.00 CHF","unlead95"
"501","Tamoil","Station","Rte de Morges 25, Cossonay","2,106 CHF/l","+0.00 CHF","diesel"
"502","Tamoil","Station","Rte de Morges 25, Cossonay","1,849 CHF/l","+0.00 CHF","unlead95"
"503","Tamoil","Station","Mitteldorfstr 2b, Hägglingen","2,106 CHF/l","+0.00 CHF","diesel"
"504","Tamoil","Station","Mitteldorfstr 2b, Hägglingen","1,849 CHF/l","+0.00 CHF","unlead95"
"505","Tamoil","Station","Roosstr. 15, Regensdorf","2,106 CHF/l","+0.00 CHF","diesel"
"506","Tamoil","Station","Roosstr. 15, Regensdorf","1,849 CHF/l","+0.00 CHF","unlead95"
"507","Tamoil","Station","Aargauerstrasse 16, Wohlen","2,106 CHF/l","+0.00 CHF","diesel"
"508","Tamoil","Station","Aargauerstrasse 16, Wohlen","1,849 CHF/l","+0.00 CHF","unlead95"
"509","Tamoil","Noville","Route du Simplon 35, Noville","2,106 CHF/l","+0.00 CHF","diesel"
"510","Tamoil","Noville","Route du Simplon 35, Noville","1,849 CHF/l","+0.00 CHF","unlead95"
"511","Tamoil","Pf","Churerstr. 154, Pfäffikon","2,106 CHF/l","+0.00 CHF","diesel"
"512","Tamoil","Pf","Churerstr. 154, Pfäffikon","1,849 CHF/l","+0.00 CHF","unlead95"
"513","Tamoil","Station","Am Wasser 24, Zürich","2,106 CHF/l","+0.00 CHF","diesel"
"514","Tamoil","Station","Am Wasser 24, Zürich","1,849 CHF/l","+0.00 CHF","unlead95"
"515","Tamoil","Station","Wagistrasse 24, Schlieren","2,106 CHF/l","+0.00 CHF","diesel"
"516","Tamoil","Station","Wagistrasse 24, Schlieren","1,849 CHF/l","+0.00 CHF","unlead95"
"517","Tamoil","Station","Dübendorfstr. 34, Zürich","2,106 CHF/l","+0.00 CHF","diesel"
"518","Tamoil","Station","Dübendorfstr. 34, Zürich","1,849 CHF/l","+0.00 CHF","unlead95"
"519","Tamoil","Le","Le Cotterg 1, Le Châble","2,106 CHF/l","+0.00 CHF","diesel"
"520","Tamoil","Le","Le Cotterg 1, Le Châble","1,849 CHF/l","+0.00 CHF","unlead95"
"521","Tamoil","Station","Rte de Thonon 336, Anières","2,106 CHF/l","+0.00 CHF","diesel"
"522","Tamoil","Station","Rte de Thonon 336, Anières","1,849 CHF/l","+0.00 CHF","unlead95"
"523","Tamoil","Station","Rte de Montana 1, Veyras","2,106 CHF/l","+0.00 CHF","diesel"
"524","Tamoil","Station","Rte de Montana 1, Veyras","1,849 CHF/l","+0.00 CHF","unlead95"
"525","Tamoil","Station","Bernstr. 361, Dietikon","2,106 CHF/l","+0.00 CHF","diesel"
"526","Tamoil","Station","Bernstr. 361, Dietikon","1,849 CHF/l","+0.00 CHF","unlead95"
"527","Tamoil","Bironico","Via San Gottardo, Bironico","2,106 CHF/l","+0.00 CHF","diesel"
"528","Tamoil","Bironico","Via San Gottardo, Bironico","1,849 CHF/l","+0.00 CHF","unlead95"
"529","Tamoil","Station","Sandgruebstr. 2, Eglisau","2,106 CHF/l","+0.00 CHF","diesel"
"530","Tamoil","Station","Sandgruebstr. 2, Eglisau","1,849 CHF/l","+0.00 CHF","unlead95"
"531","Tamoil","Station","Huebwiesenstrasse 32, Geroldswil","2,106 CHF/l","+0.00 CHF","diesel"
"532","Tamoil","Station","Huebwiesenstrasse 32, Geroldswil","1,849 CHF/l","+0.00 CHF","unlead95"
"533","Tamoil","Station","Route des Plaines du Loup 26, Lausanne","2,106 CHF/l","+0.00 CHF","diesel"
"534","Tamoil","Station","Route des Plaines du Loup 26, Lausanne","1,849 CHF/l","+0.00 CHF","unlead95"
"535","Tamoil","Station","Rte de Genève 19, Commugny","2,106 CHF/l","+0.00 CHF","diesel"
"536","Tamoil","Station","Rte de Genève 19, Commugny","1,849 CHF/l","+0.00 CHF","unlead95"
"537","Tamoil","Station","Place du Tunnel 21, Lausanne","2,106 CHF/l","+0.00 CHF","diesel"
"538","Tamoil","Station","Place du Tunnel 21, Lausanne","1,849 CHF/l","+0.00 CHF","unlead95"
"539","Tamoil","Sierre","Route de Sion 79, Sierre","2,106 CHF/l","+0.00 CHF","diesel"
"540","Tamoil","Sierre","Route de Sion 79, Sierre","1,849 CHF/l","+0.00 CHF","unlead95"
"541","Tamoil","Station","Rte du Grand-St-Bernard 2, Liddes","2,106 CHF/l","+0.00 CHF","diesel"
"542","Tamoil","Station","Rte du Grand-St-Bernard 2, Liddes","1,849 CHF/l","+0.00 CHF","unlead95"
"543","Tamoil","Station","Reppischtalstrasse 312, Stallikon","2,106 CHF/l","+0.00 CHF","diesel"
"544","Tamoil","Station","Reppischtalstrasse 312, Stallikon","1,849 CHF/l","+0.00 CHF","unlead95"
"545","Tamoil","Station","Kempttalstrasse 21, Fehraltorf","2,106 CHF/l","+0.00 CHF","diesel"
"546","Tamoil","Station","Kempttalstrasse 21, Fehraltorf","1,849 CHF/l","+0.00 CHF","unlead95"
"547","Tamoil","Station","rte de Neuchâtel 43, Grandson","2,106 CHF/l","+0.00 CHF","diesel"
"548","Tamoil","Station","rte de Neuchâtel 43, Grandson","1,849 CHF/l","+0.00 CHF","unlead95"
"549","Tamoil","Station","Dorfstrasse 15, Kloten","2,106 CHF/l","+0.00 CHF","diesel"
"550","Tamoil","Station","Dorfstrasse 15, Kloten","1,849 CHF/l","+0.00 CHF","unlead95"
"551","Tamoil","Station","Landstrasse 187, Wettingen","2,106 CHF/l","+0.00 CHF","diesel"
"552","Tamoil","Station","Landstrasse 187, Wettingen","1,849 CHF/l","+0.00 CHF","unlead95"
"553","Tamoil","Vesenaz","Route de Thonon 117, Vesenaz","2,106 CHF/l","+0.00 CHF","diesel"
"554","Tamoil","Vesenaz","Route de Thonon 117, Vesenaz","1,849 CHF/l","+0.00 CHF","unlead95"
"555","Tamoil","Station","Rue de Morges 1, Crissier","2,106 CHF/l","+0.00 CHF","diesel"
"556","Tamoil","Station","Rue de Morges 1, Crissier","1,849 CHF/l","+0.00 CHF","unlead95"
"557","Tamoil","Station","Rte de Blonay 20, Vevey","2,106 CHF/l","+0.00 CHF","diesel"
"558","Tamoil","Station","Rte de Blonay 20, Vevey","1,849 CHF/l","+0.00 CHF","unlead95"
"559","Tamoil","Riazzino","Via Cantonale, Riazzino","2,106 CHF/l","+0.00 CHF","diesel"
"560","Tamoil","Riazzino","Via Cantonale, Riazzino","1,849 CHF/l","+0.00 CHF","unlead95"
"561","Tamoil","Station","Hohenemser Str. 65a, Diepoldsau","2,106 CHF/l","+0.00 CHF","diesel"
"562","Tamoil","Station","Hohenemser Str. 65a, Diepoldsau","1,849 CHF/l","+0.00 CHF","unlead95"
"563","Tamoil","Station","Rte de Lausanne 19, Morges","2,106 CHF/l","+0.00 CHF","diesel"
"564","Tamoil","Station","Rte de Lausanne 19, Morges","1,849 CHF/l","+0.00 CHF","unlead95"
"565","Tamoil","Station","Rue du Pelaz 1, Bassins","2,106 CHF/l","+0.00 CHF","diesel"
"566","Tamoil","Station","Rue du Pelaz 1, Bassins","1,849 CHF/l","+0.00 CHF","unlead95"
"567","Tamoil","Station","Rte d'Echallens 16, Etagnières","2,106 CHF/l","+0.00 CHF","diesel"
"568","Tamoil","Station","Rte d'Echallens 16, Etagnières","1,849 CHF/l","+0.00 CHF","unlead95"
"569","Tamoil","Saint","Av. du Simplon 27, Saint-Maurice","2,106 CHF/l","+0.00 CHF","diesel"
"570","Tamoil","Saint","Av. du Simplon 27, Saint-Maurice","1,849 CHF/l","+0.00 CHF","unlead95"
"571","Tamoil","Sierre","Route de Sion 66, Sierre","2,106 CHF/l","+0.00 CHF","diesel"
"572","Tamoil","Sierre","Route de Sion 66, Sierre","1,849 CHF/l","+0.00 CHF","unlead95"
"573","Tamoil","Station","Landstrasse 10, Rafz","2,106 CHF/l","+0.00 CHF","diesel"
"574","Tamoil","Station","Landstrasse 10, Rafz","1,849 CHF/l","+0.00 CHF","unlead95"
"575","Tamoil","Station","Im Chrummenacher 8, Illnau","2,106 CHF/l","+0.00 CHF","diesel"
"576","Tamoil","Station","Im Chrummenacher 8, Illnau","1,849 CHF/l","+0.00 CHF","unlead95"
"577","Tamoil","Station","Route de Prilly 2, Crissier","2,106 CHF/l","+0.00 CHF","diesel"
"578","Tamoil","Station","Route de Prilly 2, Crissier","1,849 CHF/l","+0.00 CHF","unlead95"
"579","Tamoil","Station","Rte Blanche 7, Gingins","2,106 CHF/l","+0.00 CHF","diesel"
"580","Tamoil","Station","Rte Blanche 7, Gingins","1,849 CHF/l","+0.00 CHF","unlead95"
"581","Tamoil","Station","Oberhof 15, Weisslingen","2,106 CHF/l","+0.00 CHF","diesel"
"582","Tamoil","Station","Oberhof 15, Weisslingen","1,849 CHF/l","+0.00 CHF","unlead95"
"583","Tamoil","Station","Konstanzerstrasse 35, Kreuzlingen","2,106 CHF/l","+0.00 CHF","diesel"
"584","Tamoil","Station","Konstanzerstrasse 35, Kreuzlingen","1,849 CHF/l","+0.00 CHF","unlead95"
"585","Tamoil","Schlieren","Bernstr. 31, Schlieren","2,106 CHF/l","+0.00 CHF","diesel"
"586","Tamoil","Schlieren","Bernstr. 31, Schlieren","1,849 CHF/l","+0.00 CHF","unlead95"
"587","Tamoil","Station","Cantonale 1, Lamone","2,106 CHF/l","+0.00 CHF","diesel"
"588","Tamoil","Station","Cantonale 1, Lamone","1,849 CHF/l","+0.00 CHF","unlead95"
"589","Tamoil","Station","Rte de Sierre 1, Vissoie","2,106 CHF/l","+0.00 CHF","diesel"
"590","Tamoil","Station","Rte de Sierre 1, Vissoie","1,849 CHF/l","+0.00 CHF","unlead95"
"591","Tamoil","Station","Schulstrasse 3, Aarburg","2,106 CHF/l","+0.00 CHF","diesel"
"592","Tamoil","Station","Schulstrasse 3, Aarburg","1,849 CHF/l","+0.00 CHF","unlead95"
"593","Tamoil","Station","A 1, Bursins","2,106 CHF/l","+0.00 CHF","diesel"
"594","Tamoil","Station","A 1, Bursins","1,849 CHF/l","+0.00 CHF","unlead95"
"595","Tamoil","Station","Rte de Suisse 36, Mies","2,106 CHF/l","+0.00 CHF","diesel"
"596","Tamoil","Station","Rte de Suisse 36, Mies","1,849 CHF/l","+0.00 CHF","unlead95"
"597","Tamoil","Station","Route du Simplon, Roche","2,106 CHF/l","+0.00 CHF","diesel"
"598","Tamoil","Station","Route du Simplon, Roche","1,849 CHF/l","+0.00 CHF","unlead95"
